e,t,t,o,r,e,-,c,a,r,l,i,n,i
l,a,u,r,e,n,s,-,h,u,y,s
s,e,r,g,e,y,-,f,i,r,s,a,n,o,v
p,a,u,l,o,-,s,i,l,v,a,-,2
o,s,c,a,r,-,g,a,t,t,o
a,r,i,t,z,-,b,a,g,u,e,s
a,n,t,o,n,-,p,e,c,h,e,r
g,e,o,f,f,r,e,y,-,s,o,u,p,e
m,i,l,a,n,-,m,e,n,t,e,n
g,e,r,a,i,n,t,-,t,h,o,m,a,s
c,o,n,o,r,-,d,u,n,n,e
b,e,r,n,a,r,d,-,b,e,n,d,e,g,u,z
b,o,r,u,t,-,r,a,m,s,a,k
v,a,d,i,m,-,g,a,l,e,y,e,v
m,e,r,o,n,-,a,b,r,a,h,a,m
j,a,n,-,r,u,t,t,i,m,a,n,n
i,v,a,n,-,r,a,m,i,r,o,-,s,o,s,a
s,i,n,d,r,e,-,s,k,j,o,e,s,t,a,d,-,l,u,n,k,e
d,a,n,i,e,l,-,e,a,t,o,n
l,u,k,a,-,p,a,j,e,k
h,u,b,e,r,t,-,d,u,p,o,n,t
m,a,t,t,h,i,a,s,-,l,e,s,l,e,y
i,v,a,n,-,r,o,v,n,y
j,e,r,n,e,j,-,f,u,r,l,a,n
m,i,c,h,a,e,l,-,g,o,o,l,a,e,r,t,s
m,a,t,e,j,-,m,o,h,o,r,i,c
s,i,l,a,s,-,z,a,c,h,a,r,i,a,s,-,c,l,e,m,m,e,n,s,e,n
r,o,l,a,n,d,-,t,h,a,l,m,a,n,n
v,e,n,c,e,s,l,a,u,-,f,e,r,n,a,n,d,e,s
j,e,s,p,e,r,-,s,c,h,u,l,t,z
k,a,n,a,n,-,g,a,h,r,a,m,a,n,l,i
g,r,e,g,o,r,y,-,r,a,s,t
j,a,n,-,g,a,v,e,n,d,a
h,a,n,i,b,a,l,-,t,e,s,f,a,y
k,a,r,e,l,-,k,u,b,a
f,l,o,r,i,a,n,-,o,b,e,r,s,t,e,i,n,e,r
k,a,r,o,l,-,d,o,m,a,g,a,l,s,k,i
t,h,i,b,a,u,t,-,p,i,n,o,t
a,n,t,h,o,n,y,-,d,e,l,a,p,l,a,c,e
f,i,l,i,p,p,o,-,z,a,n,a
d,a,v,i,d,-,t,a,n,n,e,r
e,l,c,i,n,-,a,s,a,d,o,v
d,e,l,i,o,-,f,e,r,n,a,n,d,e,z
z,a,k,k,a,r,i,-,d,e,m,p,s,t,e,r
t,h,o,m,a,s,-,d,e,g,a,n,d
e,m,i,n,-,k,o,c,a,n
b,r,e,n,t,o,n,-,j,o,n,e,s
w,i,l,l,i,e,-,s,m,i,t
m,i,c,h,a,i,l,-,k,o,r,t,s,i,d,a,k,i,s
d,e,x,t,e,r,-,g,a,r,d,i,a,s
i,z,z,e,t,-,s,a,h,i,n,-,i,c,e,n
l,a,r,s,-,q,u,a,e,d,v,l,i,e,g
r,i,c,k,-,n,o,b,e,l
a,l,o,-,j,a,k,i,n
s,e,r,h,i,y,-,g,r,e,c,h,y,n
m,a,r,i,o,-,g,o,n,z,a,l,e,z,-,s,a,l,a,s
v,i,n,c,e,n,t,-,l,o,u,i,c,h,e
z,i,g,a,-,j,e,r,m,a,n
d,a,n,i,e,l,-,l,e,h,n,e,r
m,u,h,s,i,n,-,a,l,-,r,e,d,h,a,-,m,i,s,b,a,h
n,a,n,s,-,p,e,t,e,r,s
l,u,k,a,s,-,s,t,o,i,b,e,r
j,o,s,e,-,m,e,n,d,e,s
s,a,n,e,d,-,a,b,u,-,f,a,r,e,s
l,u,i,s,-,l,e,o,n,-,s,a,n,c,h,e,z
m,i,c,h,a,e,l,-,s,p,r,e,n,g,e,r
m,a,t,t,h,i,a,s,-,m,a,n,g,e,r,t,s,e,d,e,r
d,o,m,i,n,i,k,-,r,o,b,e,r
f,a,b,i,a,n,-,s,c,h,o,r,m,a,i,r
b,r,i,a,n,-,k,a,m,s,t,r,a
j,u,l,i,e,n,-,a,n,t,o,m,a,r,c,h,i
p,i,e,r,r,e,-,l,u,c,-,p,e,r,i,c,h,o,n
a,t,t,i,l,a,-,v,a,l,t,e,r
s,z,a,b,o,l,c,s,-,s,e,b,e,s,t,y,e,n
l,e,o,p,o,l,d,-,k,o,n,i,g
s,i,a,r,h,e,i,-,p,a,p,o,k
g,i,a,n,l,u,c,a,-,b,r,a,m,b,i,l,l,a
v,i,c,t,o,r,-,m,a,n,a,k,o,v
a,m,a,r,o,-,m,a,n,u,e,l,-,a,n,t,u,n,e,s
v,l,a,d,y,s,l,a,v,-,s,o,l,t,a,s,i,u,k
i,s,a,k,-,u,n,a,l
a,n,t,o,n,i,o,-,s,a,n,t,o,r,o
r,e,i,n,-,t,a,a,r,a,m,a,e
p,e,r,-,m,u,n,s,t,e,r,m,a,n,n
j,o,n,a,t,h,a,n,-,l,a,s,t,r,a
j,a,c,o,p,o,-,g,u,a,r,n,i,e,r,i
a,r,n,e,-,e,g,n,e,r
m,a,a,r,t,e,n,-,w,y,n,a,n,t,s
g,i,a,c,o,m,o,-,b,a,l,l,a,b,i,o
j,o,s,e,-,h,e,r,r,a,d,a
s,i,l,v,a,n,-,d,i,l,l,i,e,r
h,a,n,n,e,s,-,a,u,g,u,s,t,i,n
r,u,b,e,n,-,g,u,e,r,r,e,i,r,o
m,a,t,e,o,-,f,r,a,n,k,o,v,i,c
a,l,e,s,-,g,r,o,s,s,b,e,r,g,e,r
a,n,d,r,e,a,s,-,h,a,n,d,b,e,r,g,-,m,a,d,s,e,n
i,l,t,j,a,n,-,n,i,k,a
f,a,b,i,o,-,m,a,z,z,u,c,c,o
v,i,n,c,e,n,z,o,-,a,l,b,a,n,e,s,e
d,m,i,t,r,i,y,-,l,u,k,y,a,n,o,v
f,a,b,i,a,n,-,k,a,s,s,m,a,n,n
e,l,i,e,-,g,e,s,b,e,r,t
a,m,a,e,l,-,m,o,i,n,a,r,d
w,i,l,s,o,n,-,e,s,t,i,b,e,n,-,p,e,n,a,-,m,o,l,a,n,o
a,n,t,o,n,i,n,o,-,p,u,g,l,i,e,s,e
g,u,i,l,l,a,u,m,e,-,v,a,n,-,k,e,i,r,s,b,u,l,c,k
d,a,v,i,d,e,-,p,l,e,b,a,n,i
d,i,e,g,o,-,p,a,b,l,o,-,s,e,v,i,l,l,a
c,h,r,i,s,t,o,p,h,e,-,m,a,s,s,o,n
m,e,r,h,a,w,i,-,k,u,d,u,s
m,a,s,s,i,m,o,-,r,o,s,a
v,i,t,a,l,i,i,-,n,o,v,a,k,o,w,s,k,y,i
b,e,n,-,h,e,r,m,a,n,s
n,i,k,o,d,e,m,u,s,-,h,o,l,l,e,r
b,a,u,k,e,-,m,o,l,l,e,m,a
d,a,v,i,d,e,-,m,a,r,t,i,n,e,l,l,i
m,a,t,h,i,e,u,-,b,u,r,g,a,u,d,e,a,u
v,a,s,i,l,-,k,i,r,y,i,e,n,k,a
l,o,r,e,n,z,o,-,d,e,l,c,o
a,m,a,n,u,e,l,-,m,i,l,l,i,o,n
m,i,r,a,r,e,f,-,s,a,j,e,d,i
e,d,w,a,r,d,-,p,l,a,n,c,k,a,e,r,t
d,o,m,i,n,i,k,-,h,r,i,n,k,o,w
n,i,c,o,l,a,-,g,a,f,f,u,r,i,n,i
d,o,r,i,a,n,-,z,e,h,n,i,c,h
k,e,n,n,y,-,d,e,h,a,e,s
m,a,g,n,u,s,-,c,o,r,t,-,n,i,e,l,s,e,n
t,a,n,e,l,-,k,a,n,g,e,r,t
a,k,s,e,l,-,n,o,m,m,e,l,a
c,o,e,n,-,v,e,r,m,e,l,t,f,o,o,r,t
q,u,e,n,t,i,n,-,p,a,c,h,e,r
r,o,b,e,r,t,-,j,a,g,e,l,e,r
p,a,u,l,-,o,u,r,s,e,l,i,n
f,l,o,r,i,a,n,-,n,o,w,a,k
i,l,y,a,-,d,a,v,i,d,e,n,o,k
j,a,k,e,-,k,e,l,l,y
m,a,r,c,o,-,m,a,r,c,a,t,o
t,i,m,o,t,h,y,-,t,o,r,r,i,e
l,e,n,n,e,r,t,-,t,e,u,g,e,l,s
e,v,g,e,n,y,-,k,o,b,e,r,n,y,a,k
m,a,t,h,i,a,s,-,f,r,a,n,k
j,a,c,o,p,o,-,m,o,s,c,a
r,o,b,i,n,-,f,r,o,i,d,e,v,a,u,x
c,a,l,e,b,-,e,w,a,n
l,a,u,r,e,n,t,-,p,i,c,h,o,n
p,i,o,t,r,-,b,r,o,z,y,n,a
s,a,n,d,e,r,-,a,r,m,e,e
a,l,e,x,a,n,d,e,r,-,k,a,m,p
m,i,c,h,e,l,-,r,i,e,s
t,u,r,g,a,y,-,g,e,r,m,e,n
l,a,r,r,y,-,v,a,l,v,a,s,o,r,i
l,a,r,s,-,p,r,i,a
j,o,o,s,e,p,-,s,a,n,k,m,a,n,n
g,a,e,t,a,n,-,p,o,n,s
m,a,r,k,e,l,-,i,r,i,z,a,r
t,h,o,m,a,s,-,d,a,r,t,e,t
j,e,r,e,m,y,-,r,o,y
m,a,r,k,u,s,-,w,i,l,l,e
m,a,r,i,o,-,g,a,m,p,e,r
c,h,r,i,s,t,i,a,n,-,h,a,a,s
f,a,u,s,t,o,-,m,a,s,n,a,d,a
j,u,l,i,a,n,-,s,t,e,i,n,d,l,e,r
j,u,l,i,u,s,-,d,o,m,n,i,c,k
c,r,i,s,t,i,a,n,-,r,a,i,l,e,a,n,u
t,i,m,o,t,e,j,-,b,a,v,e,c
p,r,i,m,o,z,-,r,o,g,l,i,c
j,o,s,-,v,a,n,-,e,m,d,e,n
p,o,l,y,c,h,r,o,n,i,s,-,t,z,o,r,t,z,a,k,i,s
l,e,s,z,e,k,-,p,l,u,c,i,n,s,k,i
t,o,n,y,-,m,a,r,t,i,n
b,e,n,o,i,t,-,j,a,r,r,i,e,r
a,s,b,j,o,r,n,-,k,r,a,g,h,-,a,n,d,e,r,s,e,n
r,o,l,a,n,d,-,h,o,r,v,a,t
m,a,x,i,m,i,l,i,a,n,-,k,u,e,n
e,n,r,i,c,o,-,b,a,r,b,i,n
c,a,s,p,e,r,-,p,e,d,e,r,s,e,n
m,a,u,r,o,-,f,i,n,e,t,t,o
t,i,m,o,t,h,y,-,d,u,p,o,n,t
d,a,n,i,e,l,-,h,a,b,t,e,m,i,c,h,a,e,l
n,i,c,o,-,s,e,l,e,n,a,t,i
a,n,d,r,e,a,-,v,e,n,d,r,a,m,e
e,r,i,k,-,b,a,s,k,a
j,i,m,m,y,-,j,a,n,s,s,e,n,s
m,a,r,c,o,s,-,j,u,r,a,d,o
v,a,l,e,r,i,o,-,a,g,n,o,l,i
r,o,m,a,i,n,-,g,i,o,u,x
e,m,i,l,i,e,n,-,v,a,n,d,e,r,m,e,e,r,s,c,h
s,a,m,u,e,l,-,c,a,l,d,e,i,r,a
p,a,v,e,l,-,g,a,t,s,k,i,y
x,a,n,d,r,o,-,m,e,u,r,i,s,s,e
j,o,h,n,-,d,e,g,e,n,k,o,l,b
j,u,s,t,i,n,-,j,u,l,e,s
m,a,t,t,e,o,-,b,o,n,o
j,a,y,-,m,c,c,a,r,t,h,y
j,a,m,e,s,-,m,i,t,r,i
m,i,c,h,e,l,e,-,g,a,z,z,o,l,i
j,a,n,-,w,i,l,l,e,m,-,v,a,n,-,s,c,h,i,p
r,i,c,c,a,r,d,o,-,s,t,a,c,c,h,i,o,t,t,i
e,d,w,a,r,d,-,i,r,l,-,d,u,n,b,a,r
b,r,y,a,n,-,c,o,q,u,a,r,d
d,o,r,i,a,n,-,l,u,b,b,e,r,s
y,o,a,n,n,-,b,a,g,o,t
m,a,l,t,e,-,j,u,r,s,s
l,o,r,a,n,t,-,b,a,l,a,z,s,i
b,r,u,n,o,-,m,a,l,t,a,r
d,o,m,i,n,i,k,-,b,a,u,e,r
s,i,m,e,n,-,n,o,r,d,a,l,-,s,v,e,n,d,s,e,n
a,n,d,r,e,-,c,a,r,v,a,l,h,o
f,e,r,e,n,c,-,s,z,o,l,l,o,s,i
h,a,s,i,m,-,k,o,k,s,a,l
f,a,b,i,o,-,m,a,n,s,i,l,h,a,s
r,o,k,-,k,o,r,o,s,e,c
p,i,o,t,r,-,h,a,v,i,k
s,e,r,g,e,y,-,s,h,i,l,o,v
d,a,n,i,e,l,-,a,b,r,a,h,a,m
p,a,t,r,i,c,k,-,s,c,h,e,l,l,i,n,g
m,a,x,i,m,e,-,g,r,e,s,s,i,e,r
s,e,r,g,i,o,-,p,a,r,d,i,l,l,a
r,a,f,f,a,e,l,l,o,-,b,o,n,u,s,i
a,l,v,a,r,o,-,j,o,s,e,-,h,o,d,e,g
a,n,t,o,n,-,t,u,n,s,e,t
a,l,e,x,a,n,d,r,-,o,v,s,y,a,n,n,i,k,o,v
e,l,m,a,r,-,r,e,i,n,d,e,r,s
l,a,u,r,e,n,s,-,t,e,n,-,d,a,m
j,a,n,k,o,-,b,e,n,g,e,r
g,r,e,g,a,-,b,o,l,e
s,t,e,f,a,n,-,k,o,l,b
a,l,e,x,y,s,-,b,r,u,n,e,l
u,m,b,e,r,t,o,-,o,r,s,i,n,i
j,e,r,e,m,y,-,m,a,i,s,o,n
a,s,b,j,o,r,n,-,m,a,d,s,s,t,u,e,n
h,e,c,t,o,r,-,c,a,r,r,e,t,e,r,o
j,e,s,u,s,-,e,z,q,u,e,r,r,a,-,m,u,e,l,a
a,n,t,h,o,n,y,-,r,o,u,x
a,i,t,o,r,-,g,o,n,z,a,l,e,z,-,p,r,i,e,t,o
f,i,l,i,p,p,o,-,g,a,n,n,a
m,i,c,h,a,l,-,g,o,l,a,s
a,a,r,o,n,-,v,a,n,-,p,o,u,c,k,e
g,i,a,c,o,m,o,-,b,e,r,l,a,t,o
l,o,u,i,s,-,m,e,i,n,t,j,e,s
s,v,e,n,-,v,a,n,-,l,u,i,j,k
m,a,t,t,i,-,b,r,e,s,c,h,e,l
u,g,o,-,d,-,a,n,g,e,l,o
t,a,d,e,j,-,p,o,g,a,c,a,r
m,a,r,k,u,s,-,h,o,e,l,g,a,a,r,d
n,o,r,m,a,n,-,v,a,h,t,r,a
j,u,l,e,n,-,i,r,i,z,a,r
j,h,o,n,a,t,a,n,-,r,e,s,t,r,e,p,o
r,a,m,o,n,-,s,i,n,k,e,l,d,a,m
r,o,m,a,i,n,-,f,e,i,l,l,u
e,r,w,a,n,n,-,c,o,r,b,e,l
j,e,r,o,m,e,-,c,o,u,s,i,n
m,a,x,i,m,-,d,z,o,l,b,a
i,l,i,a,-,k,o,s,h,e,v,o,y
g,i,o,v,a,n,n,i,-,c,a,r,b,o,n,i
c,o,l,i,n,-,h,e,i,d,e,r,s,c,h,e,i,d
j,o,n,a,s,-,c,a,s,t,r,i,q,u,e
g,i,j,s,-,v,a,n,-,h,o,e,c,k,e
p,a,b,l,o,-,t,o,r,r,e,s
f,r,a,n,c,k,-,b,o,n,n,a,m,o,u,r
r,a,u,l,-,c,o,l,o,m,b,o
j,e,l,l,e,-,v,a,n,e,n,d,e,r,t
r,y,a,n,-,a,n,d,e,r,s,o,n
a,l,e,x,-,k,i,r,s,c,h
v,l,a,d,i,s,l,a,v,-,d,u,i,u,n,o,v
g,u,i,l,l,a,u,m,e,-,m,a,r,t,i,n
r,o,m,a,i,n,-,s,i,c,a,r,d
e,n,v,e,r,-,a,s,a,n,o,v
m,a,k,s,i,m,-,s,u,k,h,o,v
a,n,g,e,l,o,-,v,i,t,i,e,l,l,o
c,o,n,s,t,a,n,t,i,n,-,k,a,s,t,e,r,i,c,h
d,i,n,m,u,k,h,a,m,m,e,d,-,u,l,y,s,b,a,y,e,v
g,e,d,i,m,i,n,a,s,-,b,a,g,d,o,n,a,s
i,v,a,r,-,s,l,i,k
f,e,d,e,r,i,c,o,-,d,e,l,-,c,a,r,l,o
a,l,e,s,s,a,n,d,r,o,-,m,a,r,i,n,o,z,z,i
m,i,c,h,a,l,-,p,a,l,u,t,a
m,u,h,a,m,m,e,d,-,u,g,u,z
j,e,n,s,-,v,a,n,o,v,e,r,b,e,r,g,h,e
m,a,t,t,e,o,-,b,e,l,l,i,a
t,h,o,m,a,s,-,d,e,-,g,e,n,d,t
r,o,m,a,n,-,g,l,a,d,y,s,h
j,a,n,-,t,r,a,t,n,i,k
j,u,l,i,u,s,-,v,a,n,-,d,e,n,-,b,e,r,g
f,l,o,r,i,s,-,d,e,-,t,i,e,r
a,l,e,s,s,a,n,d,r,o,-,d,e,-,m,a,r,c,h,i
a,l,e,x,-,p,a,t,o,n
p,i,t,-,l,e,y,d,e,r
w,i,l,l,i,a,m,-,e,l,l,i,o,t,t
z,h,a,n,d,o,s,-,b,i,z,h,i,g,i,t,o,v
s,v,e,n,-,t,h,u,r,a,u
m,a,r,c,i,o,-,b,a,r,b,o,s,a
n,i,c,o,l,a,s,-,m,o,n,c,o,m,b,l,e
j,o,h,a,n,n,e,s,-,a,d,a,m,i,e,t,z
v,o,l,o,d,y,m,y,r,-,d,z,h,u,s
d,a,n,i,i,l,-,m,a,r,u,k,h,i,n
t,e,j,a,y,-,v,a,n,-,g,a,r,d,e,r,e,n
s,i,r,a,k,-,t,e,s,f,o,m
s,e,r,g,e,y,-,l,u,c,h,s,h,e,n,k,o
s,i,m,o,n,e,-,a,n,t,o,n,i,n,i
m,i,c,h,a,l,-,s,c,h,l,e,g,e,l
f,l,o,r,i,s,-,g,e,r,t,s
m,a,t,e,j,-,z,a,h,a,l,k,a
c,a,l,v,i,n,-,w,a,t,s,o,n
j,a,n,-,p,o,l,a,n,c
j,o,r,g,e,-,c,u,b,e,r,o
j,e,s,u,s,-,a,l,b,e,r,t,-,r,u,b,i,o
m,a,t,v,e,y,-,n,i,k,i,t,i,n
m,a,t,i,c,-,g,r,o,s,e,l,j
d,a,n,i,e,l,-,m,a,r,t,i,n,1
a,n,t,h,o,n,y,-,p,e,r,e,z
a,l,b,e,r,t,o,-,b,e,t,t,i,o,l
c,h,a,d,-,h,a,g,a
n,i,c,o,l,a,s,-,e,d,e,t
a,n,d,r,e,-,c,r,i,s,p,i,m
s,e,b,a,s,t,i,a,n,-,l,a,n,g,e,v,e,l,d
m,a,x,a,t,-,a,y,a,z,b,a,y,e,v
v,i,c,t,o,r,-,l,a,n,g,e,l,l,o,t,t,i
r,u,d,y,-,b,a,r,b,i,e,r
j,o,a,o,-,f,e,r,n,a,n,d,e,s
m,a,t,t,i,a,-,f,r,a,p,p,o,r,t,i
m,a,r,k,u,s,-,e,i,b,e,g,g,e,r
v,i,c,t,o,r,-,c,a,m,p,e,n,a,e,r,t,s
d,o,r,i,a,n,-,g,o,d,o,n
m,a,r,i,o,-,s,p,e,n,g,l,e,r
a,l,e,x,a,n,d,r,-,r,i,a,b,u,s,h,e,n,k,o
t,o,m,-,w,i,r,t,g,e,n
j,o,h,n,-,m,a,n,d,r,y,s,c,h
r,o,b,-,r,u,i,j,g,h
t,i,m,-,r,o,s,k,a,r
s,e,r,g,i,i,-,m,o,v,c,h,a,n
b,r,i,a,n,-,v,a,n,-,g,o,e,t,h,e,m
m,a,t,t,e,o,-,r,a,b,o,t,t,i,n,i
d,a,n,i,e,l,-,l,o,p,e,z
g,i,a,n,-,f,r,i,e,s,e,c,k,e
m,a,r,t,e,n,-,k,o,o,i,s,t,r,a
s,t,e,f,-,c,l,e,m,e,n,t
m,a,x,i,m,e,-,b,o,u,e,t
a,l,e,x,a,n,d,e,r,-,r,i,c,h,a,r,d,s,o,n
o,n,u,r,-,t,u,r,g,u,t
d,o,m,i,n,i,k,-,n,e,u,m,a,n,n
e,d,u,a,r,d,-,v,o,r,g,a,n,o,v
d,a,n,i,e,l,-,f,e,l,i,p,e,-,m,a,r,t,i,n,e,z
a,l,v,a,r,o,-,c,u,a,d,r,o,s
w,e,s,l,e,y,-,v,a,n,-,d,y,c,k
a,i,d,i,s,-,k,r,u,o,p,i,s
o,s,c,a,r,-,r,i,e,s,e,b,e,e,k
b,e,n,j,a,m,i,n,-,h,e,r,d,e,n
v,i,a,c,h,e,s,l,a,v,-,k,u,z,n,e,t,s,o,v
s,e,r,g,i,o,-,s,a,m,i,t,i,e,r
n,i,l,s,-,p,o,l,i,t,t
d,y,l,a,n,-,t,e,u,n,s
u,n,a,i,-,i,r,i,b,a,r,-,j,a,u,r,e,g,i
s,e,p,p,-,k,u,s,s
e,g,o,r,-,s,i,l,i,n
m,a,r,k,u,s,-,w,i,l,d,a,u,e,r
r,i,c,h,a,r,d,-,w,e,i,n,z,h,e,i,m,e,r
j,e,s,p,e,r,-,a,s,s,e,l,m,a,n
f,r,a,n,t,i,s,e,k,-,s,i,s,r
b,j,o,r,n,a,r,-,o,v,e,r,l,a,n,d
p,i,e,t,e,r,-,s,e,r,r,y
d,a,n,i,e,l,-,h,o,e,l,g,a,a,r,d
n,i,c,o,l,a,s,-,g,a,r,b,e,t
m,a,t,t,e,o,-,m,o,s,c,h,e,t,t,i
l,a,r,s,-,s,a,u,g,s,t,a,d
o,l,e,k,s,a,n,d,r,-,p,o,l,i,v,o,d,a
g,u,i,l,l,a,u,m,e,-,h,a,a,g
q,u,e,n,t,i,n,-,g,u,e,x
i,l,j,o,-,k,e,i,s,s,e
c,h,r,i,s,t,o,p,h,-,p,f,i,n,g,s,t,e,n
b,e,s,m,i,r,-,b,a,n,u,s,h,i
e,i,r,i,k,-,b,r,u,l,a,n,d
m,i,k,k,e,l,-,h,o,n,o,r,e
h,e,n,r,i,k,-,p,a,k,a,l,s,k,i
e,v,g,e,n,y,-,s,h,a,l,u,n,o,v
d,a,n,i,e,l,-,m,o,r,e,n,o
a,l,e,x,a,n,d,e,r,-,k,u,e,s,t,e,r,s
d,y,l,a,n,-,p,a,g,e
b,r,a,m,-,w,e,l,t,e,n
d,i,o,n,-,s,m,i,t,h
s,e,b,a,s,t,i,a,n,-,m,o,r,a
c,h,r,i,s,t,i,a,n,-,a,l,b,r,e,c,h,t,s,e,n
l,u,k,a,-,c,o,t,a,r
s,i,m,o,n,-,g,e,r,r,a,n,s
s,a,l,v,a,t,o,r,e,-,p,u,c,c,i,o
a,l,e,x,-,t,u,r,r,i,n
a,u,g,u,s,t,-,j,e,n,s,e,n
p,a,t,r,i,c,k,-,b,o,s,m,a,n
r,y,a,n,-,m,u,l,l,e,n
a,n,d,r,e,a,-,p,a,s,q,u,a,l,o,n
m,u,s,a,-,m,i,k,a,y,i,l,z,a,d,e
m,e,h,d,i,-,t,i,g,r,i,n,e
o,d,i,n,-,e,i,k,e,l,a,n,d
j,a,r,e,d,-,p,o,u,l,t,o,n
j,a,n,-,b,a,r,t,a
m,a,r,t,i,n,-,l,a,v,r,i,c
j,u,s,t,i,n,-,o,i,e,n
j,e,r,o,e,n,-,m,e,i,j,e,r,s
m,a,r,t,i,n,-,k,r,a,n,j,c
d,a,n,i,e,l,-,e,i,c,h,i,n,g,e,r
m,a,x,i,m,e,-,m,o,n,f,o,r,t
c,h,a,r,l,e,s,-,k,a,g,i,m,u
s,t,e,f,a,n,-,p,o,l,l
t,o,m,a,s,-,j,a,k,o,u,b,e,k
s,t,i,j,n,-,s,t,e,e,l,s
m,i,c,h,a,e,l,-,k,u,k,r,l,e
j,o,e,r,i,-,s,t,a,l,l,a,e,r,t
y,a,u,h,e,n,-,s,o,b,a,l
e,m,a,n,u,e,l,e,-,d,i,-,g,i,o,v,a,n,n,i
a,l,b,e,r,t,-,t,o,r,r,e,s
d,e,i,n,s,-,k,a,n,e,p,e,j,s
d,a,v,i,d,-,v,a,n,-,e,e,r,d
d,y,l,a,n,-,v,a,n,-,b,a,a,r,l,e
k,r,i,s,-,b,o,e,c,k,m,a,n,s
t,o,m,a,s,-,z,e,c,h,m,e,i,s,t,e,r
j,a,n,o,s,-,p,e,l,i,k,a,n
j,o,r,d,i,-,w,a,r,l,o,p
f,i,l,i,p,p,o,-,c,a,l,d,e,r,a,r,o
m,a,t,t,e,o,-,p,a,s,c,a,z,i
t,i,l,e,n,-,f,i,n,k,s,t
r,a,p,h,a,e,l,-,h,a,m,m,e,r,s,c,h,m,i,d
f,l,o,r,i,a,n,-,d,e,r,i,a,u,x
a,l,e,x,-,a,r,a,n,b,u,r,u
m,a,r,k,u,s,-,k,o,p,f,a,u,f
m,a,t,t,e,o,-,f,a,b,b,r,o
z,d,e,n,e,k,-,s,t,y,b,a,r
m,a,r,c,o,-,m,i,n,n,a,a,r,d
e,m,i,l,s,-,l,i,e,p,i,n,s
m,a,n,u,e,l,-,p,e,n,a,l,v,e,r
b,e,n,j,a,m,i,n,-,b,r,k,i,c
d,a,m,i,e,n,-,t,o,u,z,e
e,d,o,a,r,d,o,-,c,o,r,r,i,d,o,r,i
j,o,r,g,e,-,a,r,c,a,s
f,r,e,d,e,r,i,k,-,f,r,i,s,o,n
s,i,m,o,n,-,s,e,l,l,i,e,r
c,h,r,i,s,t,o,p,h,e,r,-,f,r,o,o,m,e
d,i,m,i,t,r,i,o,s,-,c,h,r,i,s,t,a,k,o,s
m,a,r,c,o,-,m,a,r,o,n,e,s,e
d,m,i,t,r,y,-,k,o,z,o,n,c,h,u,k
s,i,m,o,n,e,-,r,a,v,a,n,e,l,l,i
a,l,a,n,-,b,a,n,a,s,z,e,k
a,l,f,d,a,n,-,d,e,-,d,e,c,k,e,r
s,t,e,f,a,n,-,k,u,n,g
p,a,t,r,i,c,k,-,j,a,g,e,r
a,n,d,r,e,a,-,g,a,r,o,s,i,o
v,a,d,i,m,-,p,r,o,n,s,k,i,y
j,a,c,k,-,b,a,u,e,r
a,a,r,o,n,-,s,o,m,m,e,r
p,e,r,r,i,g,-,q,u,e,m,e,n,e,u,r
m,a,t,t,e,o,-,d,a,l,-,c,i,n
s,a,m,-,o,o,m,e,n
b,r,u,n,o,-,r,a,d,o,t,i,c
t,o,m,-,d,e,r,n,i,e,s
m,a,r,i,n,o,-,k,o,b,a,y,a,s,h,i
y,u,v,a,l,-,b,e,n,-,m,o,s,h,e
a,n,d,r,e,a,s,-,w,a,l,z,e,l
e,n,r,i,c,o,-,b,a,t,t,a,g,l,i,n
b,a,l,a,z,s,-,r,o,z,s,a
h,e,c,t,o,r,-,g,o,n,z,a,l,e,z,-,b,a,e,z,a,-,1
m,a,x,-,e,m,i,l,-,k,o,r,n,e,r
j,e,r,e,m,y,-,c,o,r,n,u
e,g,o,i,t,z,-,f,e,r,n,a,n,d,e,z
i,v,a,n,-,r,u,z,m,a,n
j,e,s,u,s,-,d,e,l,-,p,i,n,o
d,y,l,a,n,-,g,r,o,e,n,e,w,e,g,e,n
m,a,r,k,-,c,h,r,i,s,t,i,a,n
a,l,e,s,s,a,n,d,r,o,-,m,o,n,a,c,o
h,a,y,d,e,n,-,m,c,c,o,r,m,i,c,k
m,u,s,t,a,f,a,-,s,a,y,a,r
d,o,m,e,n,-,n,o,v,a,k
c,o,l,i,n,-,s,t,u,s,s,i
m,a,r,t,i,n,-,s,c,h,a,p,p,i
j,o,s,e,-,m,a,n,u,e,l,-,d,i,a,z,-,g,a,l,l,e,g,o
v,o,j,t,e,c,h,-,h,a,c,e,c,k,y
d,a,v,i,d,-,a,s,k,u,r,a,v,a
a,r,t,u,r,-,e,r,s,h,o,v
a,x,e,l,-,j,o,u,r,n,i,a,u,x
a,n,d,e,r,-,b,a,r,r,e,n,e,t,x,e,a
d,a,n,i,e,l,-,d,i,n,a
j,u,a,n,-,a,n,t,o,n,i,o,-,l,o,p,e,z
n,i,c,o,l,a,-,c,o,n,c,i
t,o,n,y,-,g,a,l,l,o,p,i,n
d,a,n,i,e,l,-,t,u,r,e,k
a,l,e,x,a,n,d,e,r,-,d,u,r,a,g,e,r
m,a,d,s,-,w,u,r,t,z,-,s,c,h,m,i,d,t
a,l,e,s,s,a,n,d,r,o,-,p,e,s,s,o,t
r,u,b,e,n,-,p,l,a,z,a
d,a,n,i,e,l,-,m,e,s,t,r,e
m,i,g,u,e,l,-,e,d,u,a,r,d,o,-,f,l,o,r,e,z
t,i,m,-,d,e,c,l,e,r,c,q
j,o,d,o,k,-,s,a,l,z,m,a,n,n
f,u,m,i,y,u,k,i,-,b,e,p,p,u
j,u,s,t,i,n,-,p,a,r,o,z
a,l,b,e,r,t,o,-,a,m,i,c,i
v,e,g,a,r,d,-,s,t,a,k,e,-,l,a,e,n,g,e,n
m,a,t,e,j,-,d,r,i,n,o,v,e,c
j,o,s,e,-,a,l,f,r,e,d,o,-,a,g,u,i,r,r,e
l,o,i,c,-,c,h,e,t,o,u,t
a,n,g,e,l,-,m,a,d,r,a,z,o
o,m,e,r,-,g,o,l,d,s,t,e,i,n
v,i,k,t,o,r,-,o,k,i,s,h,e,v
k,e,v,i,n,-,v,e,r,w,a,e,s,t
d,a,v,i,d,e,-,c,i,m,o,l,a,i
u,r,o,s,-,r,e,p,s,e
m,y,k,y,t,a,-,z,u,b,e,n,k,o
r,a,u,l,a,n,t,o,n,i,o,-,s,i,n,z,a
i,b,a,i,-,a,z,u,r,m,e,n,d,i,-,s,a,g,a,s,t,i,b,e,l
r,a,p,h,a,e,l,-,k,o,c,k,e,l,m,a,n,n
d,r,i,e,s,-,d,e,v,e,n,y,n,s
l,a,w,r,e,n,c,e,-,w,a,r,b,a,s,s,e
k,a,r,e,l,-,h,n,i,k
r,u,b,e,n,-,a,p,e,r,s
m,o,r,e,n,o,-,h,o,f,l,a,n,d
j,u,a,n,-,j,o,s,e,-,l,o,b,a,t,o
f,e,r,n,a,n,d,o,-,g,a,v,i,r,i,a
m,a,t,t,h,i,a,s,-,s,c,h,n,a,p,k,a
s,i,m,o,n,e,-,c,o,n,s,o,n,n,i
s,t,e,v,e,n,-,k,r,u,i,j,s,w,i,j,k
j,o,n,-,i,r,i,s,a,r,r,i
d,a,n,i,e,l,-,o,s,s
p,a,u,l,-,t,a,e,b,l,i,n,g
j,e,r,o,m,e,-,m,a,i,n,a,r,d
s,e,r,g,e,i,-,c,h,e,r,n,e,t,c,k,i,i
m,i,c,h,a,l,-,k,w,i,a,t,k,o,w,s,k,i
a,n,d,y,-,l,e,i,g,h
d,r,i,e,s,-,d,e,-,b,o,n,d,t
m,o,r,a,n,-,v,e,r,m,e,u,l,e,n
m,i,c,h,a,e,l,-,b,r,e,s,c,i,a,n,i
m,a,x,i,m,e,-,v,a,n,t,o,m,m,e
s,e,r,g,i,o,-,r,o,d,r,i,g,u,e,z
j,o,n,a,s,-,d,o,r,i,n,g
n,i,c,o,l,a,y,-,c,h,e,r,k,a,s,o,v
r,o,g,e,r,-,k,l,u,g,e
m,a,t,h,i,e,u,-,g,i,b,a,u,d
y,a,n,n,i,c,k,-,m,a,y,e,r
k,e,v,i,n,-,r,e,z,a
y,v,e,s,-,l,a,m,p,a,e,r,t
k,a,s,p,e,r,-,w,u,r,t,z,-,s,c,h,m,i,d,t
n,a,t,h,a,n,-,v,a,n,-,h,o,o,y,d,o,n,c,k
l,u,d,w,i,g,-,d,e,-,w,i,n,t,e,r
a,n,d,r,e,y,-,a,m,a,d,o,r
c,r,i,s,t,o,f,e,r,-,r,o,b,i,n,-,j,u,r,a,d,o
e,m,p,t,y,_,$,2,3
p,a,w,e,l,-,b,e,r,n,a,s
m,a,r,t,i,j,n,-,b,u,d,d,i,n,g
i,b,a,i,-,s,a,l,a,s
m,i,c,k,a,e,l,-,d,e,l,a,g,e
m,i,c,h,a,e,l,-,s,c,h,w,a,r,z,m,a,n,n
m,a,t,h,i,a,s,-,v,a,n,-,g,o,m,p,e,l
l,u,k,a,-,p,i,b,e,r,n,i,k
b,o,b,-,w,u,b,b,e,n
a,r,n,a,u,d,-,g,e,r,a,r,d
f,r,a,n,k,l,i,n,-,s,i,x
s,t,e,f,a,n,o,-,b,e,r,t,o,l,e,t,t,i
m,y,k,h,a,y,l,o,-,k,o,n,o,n,e,n,k,o
i,g,o,r,-,a,n,t,o,n
m,i,c,h,a,l,-,p,r,o,c,h,a,z,k,a
k,r,i,s,t,o,-,p,r,a,n,g,e,l
a,r,t,h,u,r,-,b,a,u,d,e
e,m,a,n,u,e,l,e,-,o,n,e,s,t,i
m,a,r,k,o,-,k,u,m,p
r,o,b,b,e,r,t,-,d,e,-,g,r,e,e,f
s,a,c,h,a,-,m,o,d,o,l,o
d,i,m,i,t,r,i,-,c,l,a,e,y,s
n,i,k,o,l,a,i,-,s,h,u,m,o,v
a,d,r,i,a,n,-,k,u,r,e,k
e,l,i,a,s,-,v,a,n,-,b,r,e,u,s,s,e,g,e,m
k,e,v,i,n,-,i,n,k,e,l,a,a,r
r,e,n,s,-,t,u,l,n,e,r
d,e,n,i,-,b,a,n,i,c,e,k
s,t,e,p,h,a,n,e,-,r,o,s,s,e,t,t,o
g,e,r,m,a,i,n,-,b,u,r,t,o,n
g,o,n,c,a,l,o,-,l,e,a,c,a
f,e,d,e,r,i,c,o,-,b,u,r,c,h,i,o
a,d,a,m,-,d,e,-,v,o,s
l,a,u,r,i,n,-,w,i,n,t,e,r
j,o,a,q,u,i,m,-,s,i,l,v,a
j,o,n,a,t,h,a,n,-,h,i,v,e,r,t
c,e,e,s,-,b,o,l
a,l,v,a,r,o,-,r,o,b,r,e,d,o
r,o,m,a,i,n,-,h,a,r,d,y
t,x,o,m,i,n,-,j,u,a,r,i,s,t,i
k,r,i,s,t,i,j,a,n,-,h,o,c,e,v,a,r
n,i,c,o,l,a,s,-,s,e,s,s,l,e,r
j,u,l,i,e,n,-,v,e,r,m,o,t,e
g,a,s,p,a,r,-,g,o,n,c,a,l,v,e,s
n,a,z,i,m,-,b,a,k,i,r,c,i
r,o,y,-,g,o,l,d,s,t,e,i,n
m,a,d,s,-,p,e,d,e,r,s,e,n
z,i,s,i,s,-,s,o,u,l,i,o,s
e,d,u,a,r,d,o,-,g,a,r,c,i,a
n,i,c,o,l,a,s,-,m,a,r,i,n,i
f,r,e,d,r,i,k,-,h,a,g,e,n,-,c,a,r,l
f,a,b,r,i,c,i,o,-,f,e,r,r,a,r,i
m,u,s,t,a,f,a,-,k,o,k,l,u
j,o,n,a,s,-,o,r,s,e,t
m,a,r,t,i,j,n,-,d,i,j,k,s,t,r,a
a,l,e,x,a,n,d,r,e,-,p,i,c,h,o,t
l,a,u,r,e,n,s,-,d,e,-,v,r,e,e,s,e
t,i,m,-,a,r,i,e,s,e,n
r,u,d,i,g,e,r,-,s,e,l,i,g
g,u,i,l,l,a,u,m,e,-,s,o,u,l,a
j,e,r,o,m,e,-,b,a,u,g,n,i,e,s
n,i,c,o,l,a,-,v,e,n,c,h,i,a,r,u,t,t,i
d,a,v,i,d,e,-,b,a,l,l,e,r,i,n,i
j,o,h,a,n,n,e,s,-,s,c,h,i,n,n,a,g,e,l
j,a,k,o,b,-,f,u,g,l,s,a,n,g
j,o,s,u,-,z,a,b,a,l,a
j,e,s,s,e,-,e,w,a,r,t
j,h,o,n,a,t,a,n,-,n,a,r,v,a,e,z
g,e,o,r,g,-,z,i,m,m,e,r,m,a,n,n
h,u,u,b,-,d,u,i,j,n
n,i,k,l,a,s,-,m,a,r,k,l
r,a,m,u,n,a,s,-,n,a,v,a,r,d,a,u,s,k,a,s
e,d,v,a,l,d,a,s,-,s,i,s,k,e,v,i,c,i,u,s
m,i,c,h,a,e,l,-,v,a,l,g,r,e,n,-,a,n,d,e,r,s,e,n
k,i,m,-,m,a,g,n,u,s,s,o,n
k,o,o,s,-,j,e,r,o,e,n,-,k,e,r,s
k,r,i,s,t,s,-,n,e,i,l,a,n,d,s
k,o,n,r,a,d,-,g,e,s,s,n,e,r
n,a,t,h,a,n,-,h,a,a,s
b,r,u,n,o,-,d,u,a,r,t,e,-,f,e,r,r,e,i,r,a,-,s,i,l,v,a
j,o,o,n,a,s,-,h,e,n,t,t,a,l,a
l,u,k,a,s,-,r,u,e,g,g
e,r,o,s,-,c,a,p,e,c,c,h,i
p,a,v,e,l,-,g,r,u,b,e,r
c,a,r,l,o,s,-,e,d,u,a,r,d,o,-,a,l,z,a,t,e
p,i,e,r,r,e,-,g,o,u,a,u,l,t
d,i,e,g,o,-,l,o,p,e,z
g,a,r,i,k,o,i,t,z,-,b,r,a,v,o
l,l,u,i,s,-,g,u,i,l,l,e,r,m,o,-,m,a,s
s,t,e,p,a,n,-,a,s,t,a,f,y,e,v
s,t,i,j,n,-,v,a,n,d,e,n,b,e,r,g,h
m,a,n,u,e,l,-,s,e,n,n,i
p,e,t,e,r,-,m,e,r,x
c,a,m,i,l,l,e,-,t,h,o,m,i,n,e,t
r,o,s,s,-,l,a,m,b
y,e,v,g,e,n,i,y,-,n,e,p,o,m,n,y,a,c,h,s,h,i,y
m,a,r,k,-,z,a,t,h,u,r,e,c,z,k,y
d,i,e,g,o,-,l,o,p,e,z,-,f,u,e,n,t,e,s
y,a,n,n,i,c,k,-,m,a,r,t,i,n,e,z
v,a,l,e,n,t,i,n,-,p,l,e,s,e,a
a,u,d,u,n,-,b,r,e,k,k,e,-,f,l,o,t,t,e,n
j,a,s,o,n,-,v,a,n,-,d,a,l,e,n
o,n,u,r,-,b,a,l,k,a,n
r,u,d,y,-,m,o,l,a,r,d
a,n,d,r,e,a,-,p,e,r,o,n
m,i,k,e,l,-,b,i,z,k,a,r,r,a
p,e,d,r,o,-,p,a,u,l,i,n,h,o
a,x,e,l,-,d,o,m,o,n,t
n,i,c,o,l,a,-,b,a,g,i,o,l,i
i,s,m,a,i,l,-,c,a,v,u,s,o,g,l,u
g,a,b,r,i,e,l,e,-,b,o,n,e,c,h,i
l,e,o,n,a,r,d,o,-,b,a,s,s,o
l,u,k,e,-,d,u,r,b,r,i,d,g,e
j,o,n,a,s,-,r,i,c,k,a,e,r,t
m,a,t,h,i,a,s,-,l,e,-,t,u,r,n,i,e,r
f,e,r,n,a,n,d,o,-,b,a,r,c,e,l,o
m,a,r,c,o,-,c,a,n,o,l,a
k,y,l,e,-,m,u,r,p,h,y
d,a,n,i,e,l,-,k,n,a,p,p
y,u,r,i,-,t,r,o,f,i,m,o,v
j,a,n,-,t,s,c,h,e,r,n,o,s,t,e,r
p,r,e,b,e,n,-,v,a,n,-,h,e,c,k,e
l,u,i,s,-,g,o,m,e,s
y,u,n,u,s,-,e,m,r,e,-,y,i,l,m,a,z
p,e,t,e,r,-,s,i,m,o,n
j,o,n,a,s,-,k,o,c,h
o,d,d,-,c,h,r,i,s,t,i,a,n,-,e,i,k,i,n,g
c,y,r,i,l,-,b,a,r,t,h,e
j,a,k,o,b,-,s,m,i,d
f,e,r,i,t,-,s,a,m,l,i
p,r,i,m,o,z,-,o,b,a,l
s,o,n,d,r,e,-,k,r,i,s,t,i,a,n,s,e,n
t,h,o,m,a,s,-,s,t,e,w,a,r,t
j,o,n,a,s,-,r,u,t,s,c,h
m,i,c,h,a,e,l,-,c,a,r,b,e,l
j,e,n,t,h,e,-,b,i,e,r,m,a,n,s
i,z,i,d,o,r,-,p,e,n,k,o
b,e,r,n,h,a,r,d,-,e,i,s,e,l
w,i,m,-,r,e,y,n,a,e,r,t,s
t,o,m,-,v,a,n,-,a,s,b,r,o,e,c,k
m,a,r,k,o,-,p,a,v,l,i,c
j,a,n,-,k,o,l,l,e,r
a,l,j,a,z,-,p,r,a,h
s,t,i,j,n,-,d,e,v,o,l,d,e,r
j,a,s,p,e,r,-,s,t,u,y,v,e,n
o,s,k,a,r,-,g,e,b,a,u,e,r
s,t,e,p,h,a,n,-,b,a,k,k,e,r
n,i,c,o,l,a,s,-,b,a,l,d,o
s,o,n,n,y,-,c,o,l,b,r,e,l,l,i
j,o,h,a,n,n,-,v,a,n,-,z,y,l
o,s,c,a,r,-,h,e,r,n,a,n,d,e,z
a,r,t,e,m,-,n,y,c,h
y,u,r,i,i,-,b,u,r,c,h,e,n,i,a
l,a,u,r,e,n,t,-,d,i,d,i,e,r
a,r,i,e,l,-,m,a,x,i,m,i,l,i,a,n,o,-,r,i,c,h,e,z,e
n,i,c,o,l,a,s,-,d,a,l,l,a,-,v,a,l,l,e
c,y,r,i,l,-,l,e,m,o,i,n,e
j,o,s,e,-,j,o,a,q,u,i,n,-,r,o,j,a,s
k,e,v,i,n,-,l,a,l,o,u,e,t,t,e
a,n,d,r,e,-,e,v,a,n,g,e,l,i,s,t,a
b,a,k,h,t,i,y,a,r,-,k,o,z,h,a,t,a,y,e,v
k,e,n,n,y,-,b,e,l,-,m,o,l,l,y
p,i,e,r,r,e,-,b,a,r,b,i,e,r
m,a,n,u,e,l,-,b,o,s,c,h
o,s,c,a,r,-,p,e,l,e,g,r,i
h,i,r,o,k,i,-,n,i,s,h,i,m,u,r,a
k,r,i,s,t,i,a,n,-,y,u,s,t,r,e
b,a,s,-,t,i,e,t,e,m,a
s,i,m,o,n,-,y,a,t,e,s
n,u,n,o,-,m,e,i,r,e,l,e,s
p,e,t,e,r,-,s,r,a,n,c
c,h,r,i,s,t,i,a,n,-,k,o,c,h
w,i,l,l,i,a,m,-,b,o,n,n,e,t
j,a,k,o,b,-,e,g,h,o,l,m
f,r,e,d,e,r,i,k,-,b,a,c,k,a,e,r,t
a,l,e,x,-,m,e,n,g,o,u,l,a,s
a,r,t,u,r,-,f,e,d,o,s,s,e,y,e,v
r,i,c,k,-,s,t,e,m,p,e,r
h,a,r,r,i,s,o,n,-,j,o,n,e,s
b,e,n,j,a,m,i,n,-,k,i,n,g,-,1
l,u,i,s,-,f,e,r,n,a,n,d,e,s
d,e,n,n,i,s,-,v,a,n,-,w,i,n,d,e,n
k,e,v,i,n,-,d,e,-,j,o,n,g,h,e
a,r,m,a,n,-,k,a,m,y,s,h,e,v
b,r,i,c,e,-,f,e,i,l,l,u
v,i,c,t,o,r,-,c,o,s,m,i,n,-,m,a,r,i,n
i,v,i,n,d,-,l,u,k,k,e,d,a,h,l
r,o,r,y,-,s,u,t,h,e,r,l,a,n,d
j,a,s,p,e,r,-,d,e,-,b,u,y,s,t
d,a,n,i,e,l,-,b,a,b,o,r
j,o,e,-,d,o,m,b,r,o,w,s,k,i
t,e,l,m,a,n,-,v,e,l,i,y,e,v
p,i,e,r,r,e,-,l,a,t,o,u,r
a,t,t,i,l,a,-,l,a,s,z,l,o
h,e,n,r,i,k,-,e,v,e,n,s,e,n
f,l,o,r,i,a,n,-,g,i,n,d,h,a,r,t
g,i,o,r,g,i,-,p,e,t,r,i,n
l,a,r,s,-,y,t,t,i,n,g,-,b,a,k
p,h,i,l,i,p,-,d,e,i,g,n,a,n
t,i,m,o,t,h,y,-,r,u,g,g
v,l,a,d,i,s,l,a,v,-,z,u,b,a,r
l,u,k,a,s,-,l,o,e,r
m,a,x,i,m,e,-,f,a,r,a,z,i,j,n
g,i,o,v,a,n,n,i,-,v,i,s,c,o,n,t,i
k,r,i,s,t,i,a,n,-,s,b,a,r,a,g,l,i
c,e,s,a,r,-,m,a,r,t,i,n,g,i,l
f,a,b,i,e,n,-,d,o,u,b,e,y
a,d,r,i,e,n,-,c,a,r,p,e,n,t,i,e,r
s,e,b,a,s,t,i,e,n,-,r,e,i,c,h,e,n,b,a,c,h
f,i,t,r,i,-,s,a,h,a,r,i,l
m,a,r,t,i,n,-,m,e,i,l,e,r
a,a,r,o,n,-,v,e,r,w,i,l,s,t
d,m,i,t,r,y,-,p,u,z,a,n,o,v
w,a,r,r,e,n,-,b,a,r,g,u,i,l
j,a,m,e,s,-,o,r,a,m
f,e,l,i,x,-,g,r,o,s,s,s,c,h,a,r,t,n,e,r
j,u,s,t,i,n,-,t,i,m,m,e,r,m,a,n,s
s,y,l,v,a,i,n,-,c,h,a,v,a,n,e,l
p,e,t,e,r,-,w,i,l,l,i,a,m,s,-,1
h,e,n,r,i,q,u,e,-,c,a,s,i,m,i,r,o
n,a,t,n,a,e,l,-,m,e,b,r,a,h,t,o,m
p,e,e,t,e,r,-,p,u,n,g
f,r,a,n,c,i,s,c,o,-,c,a,m,p,o,s
m,a,r,v,y,n,-,d,e,l,v,a,r,t
s,u,l,e,i,m,a,n,-,k,a,n,g,a,n,g,i
a,n,d,r,e,i,-,g,r,i,v,k,o
i,v,a,n,-,b,a,l,y,k,i,n
b,o,r,i,s,-,v,a,l,l,e,e
g,e,r,g,e,l,y,-,o,r,o,s,z
k,r,i,s,t,i,a,n,-,k,u,l,s,e,t
o,s,c,a,r,-,s,a,n,c,h,e,z,-,c,a,b,a,l,l,e,r,o
a,n,t,o,i,n,e,-,w,a,r,n,i,e,r
k,r,i,s,t,o,f,f,e,r,-,s,k,j,e,r,p,i,n,g
a,r,j,e,n,-,l,i,v,y,n,s
f,r,a,n,-,m,a,j,o,l,i
a,h,m,e,t,-,o,r,k,e,n
l,u,i,s,-,l,e,m,u,s
a,d,a,m,-,l,e,w,i,s
b,e,n,-,s,w,i,f,t
v,o,j,t,e,c,h,-,m,o,d,l,i,t,b,a
c,h,r,i,s,-,o,p,i,e
m,i,c,h,a,e,l,-,k,o,l,a,r
t,o,b,i,a,s,-,k,n,a,u,p
e,d,o,a,r,d,o,-,z,a,r,d,i,n,i
t,a,r,a,s,-,s,h,e,v,c,h,u,k
o,l,e,g,-,z,e,m,l,y,a,k,o,v
j,e,n,s,-,r,e,y,n,d,e,r,s
e,n,r,i,c,o,-,l,o,g,i,c,a
t,r,a,v,i,s,-,m,c,c,a,b,e
a,n,d,r,e,a,-,z,a,n,a,r,d,i,n,i
l,a,u,r,i,-,s,e,p,p,a
r,o,b,e,r,t,-,j,e,n,k,o
a,l,e,s,s,a,n,d,r,o,-,t,o,n,e,l,l,i
e,m,e,r,s,o,n,-,o,r,o,n,t,e
d,a,v,i,d,-,m,i,g,u,e,l,-,c,o,s,t,a,-,r,o,d,r,i,g,u,e,s
b,r,y,a,n,-,n,a,u,l,e,a,u
i,v,a,n,-,s,a,n,t,a,r,o,m,i,t,a
p,e,s,c,i,-,m,a,n,u,e,l
a,n,d,r,e,j,-,g,a,l,o,v,i,c
a,l,o,i,s,-,k,a,n,k,o,v,s,k,y
m,a,t,e,j,-,m,u,g,e,r,l,i
l,u,c,-,w,i,r,t,g,e,n
s,i,m,o,n,e,-,v,e,l,a,s,c,o
k,a,m,i,l,-,g,r,a,d,e,k
g,i,n,o,-,m,a,d,e,r
a,h,m,e,t,-,a,k,d,i,l,e,k
c,l,e,m,e,n,t,-,c,h,e,v,r,i,e,r
a,n,a,t,o,l,i,y,-,b,u,d,y,a,k
l,a,w,r,e,n,c,e,-,n,a,e,s,e,n
s,e,r,g,e,-,p,a,u,w,e,l,s
b,e,n,-,p,e,r,r,y
m,a,t,t,h,i,a,s,-,t,i,e,f,e,n,g,r,a,b,n,e,r
t,a,n,n,e,r,-,p,u,t,t
p,e,l,l,o,-,b,i,l,b,a,o
j,o,r,g,e,-,m,a,g,a,l,h,a,e,s
p,e,t,e,r,-,s,c,h,u,l,t,i,n,g
s,i,m,o,n,e,-,a,n,d,r,e,e,t,t,a
d,a,n,n,y,-,v,a,n,-,p,o,p,p,e,l
a,l,b,e,r,t,o,-,g,i,u,r,i,a,t,o
z,s,o,l,t,-,i,s,t,l,s,t,e,k,k,e,r
v,a,l,e,r,i,o,-,c,o,n,t,i
e,s,r,e,f,-,p,e,k,c,a,n
f,e,d,e,r,i,c,o,-,o,r,l,a,n,d,i
v,i,c,t,o,r,-,s,h,e,v,t,s,o,v
m,i,c,h,a,e,l,-,c,o,o,l,s
s,j,o,e,r,d,-,v,a,n,-,g,i,n,n,e,k,e,n
s,i,m,o,n,-,g,u,g,l,i,e,l,m,i
h,a,r,m,-,v,a,n,h,o,u,c,k,e
t,o,n,i,-,f,r,a,n,z
s,z,y,m,o,n,-,s,a,j,n,o,k
n,i,c,h,o,l,a,s,-,r,i,n,a,l,d,i
c,h,r,i,s,t,o,p,h,e,r,-,l,a,w,l,e,s,s
a,l,e,x,a,n,d,e,r,-,g,e,u,e,n,s
j,i,r,i,-,p,o,l,n,i,c,k,y
n,i,l,s,-,f,r,i,e,d,l
t,o,r,s,t,e,i,n,-,t,r,a,e,e,n
j,u,l,i,e,n,-,d,u,v,a,l
a,l,e,x,e,y,-,v,o,l,o,s,h,i,n
h,u,r,g,a,l,i,-,t,u,r,e,b,e,k,o,v
d,u,s,a,n,-,r,a,j,o,v,i,c
a,n,t,o,i,n,e,-,d,e,b,o,n,s
r,o,m,a,n,-,l,e,h,k,y
k,r,i,s,t,i,j,a,n,-,k,o,r,e,n
s,a,l,i,m,-,k,i,p,k,e,m,b,o,i
s,a,m,-,b,e,n,n,e,t,t
v,e,t,l,e,-,l,u,n,d,e
d,a,n,i,e,l,-,k,o,c,k
s,i,m,o,n,-,g,e,s,c,h,k,e
d,e,n,n,i,s,-,c,o,e,n,e,n
a,n,t,o,i,n,e,-,l,e,p,l,i,n,g,a,r,d
n,i,k,i,t,a,-,c,h,e,r,n,o,v
m,a,t,t,i,a,-,m,a,r,c,e,l,l,i
m,a,t,t,h,i,e,u,-,l,a,d,a,g,n,o,u,s
e,n,r,i,c,o,-,g,a,s,p,a,r,o,t,t,o
a,l,e,s,s,a,n,d,r,o,-,f,e,d,e,l,i
l,u,c,a,-,f,e,l,i,x,-,h,a,p,p,k,e
o,s,c,a,r,-,r,o,d,r,i,g,u,e,z
a,m,a,u,r,y,-,c,a,p,i,o,t
j,u,l,i,e,n,-,e,l,-,f,a,r,e,s
g,i,o,r,g,i,-,t,e,d,i,a,s,h,v,i,l,i
d,i,m,i,t,r,i,-,p,e,y,s,k,e,n,s
i,l,l,y,a,-,k,l,e,p,i,k,o,v
i,t,m,a,r,-,e,i,n,h,o,r,n
i,o,a,n,n,i,s,-,k,i,r,i,a,k,i,d,i,s
e,t,i,e,n,n,e,-,v,a,n,-,e,m,p,e,l
l,o,u,i,s,-,r,o,s,e,-,d,a,v,i,s
j,o,a,n,-,b,e,n,n,a,s,s,a,r
j,u,l,i,a,n,-,m,e,r,t,e,n,s
i,m,a,n,o,l,-,e,r,v,i,t,i
l,u,d,o,v,i,c,-,r,o,b,e,e,t
l,u,i,s,-,m,e,n,d,o,n,c,a
s,t,e,f,a,n,-,w,i,n,t,e,r
c,l,a,u,d,i,o,-,c,a,t,a,n,i,a
r,o,m,a,i,n,-,l,e,-,r,o,u,x
g,i,b,s,o,n,-,m,a,t,t,h,e,w
m,a,t,t,e,o,-,b,u,s,a,t,o
o,l,e,k,s,a,n,d,r,-,p,r,e,v,a,r
m,a,r,i,u,s,-,b,l,l,i,d
a,n,d,r,a,s,-,s,z,a,t,m,a,r,y
j,u,r,a,j,-,s,a,g,a,n
i,g,n,a,t,a,s,-,k,o,n,o,v,a,l,o,v,a,s
e,m,a,n,u,e,l,-,k,i,s,e,r,l,o,v,s,k,i
a,d,r,i,a,a,n,-,j,a,n,s,s,e,n
j,a,r,n,o,-,m,o,b,a,c,h
t,a,l,h,a,-,e,n,e,s,-,a,y
r,o,m,a,i,n,-,c,a,r,d,i,s
e,d,u,a,r,d,o,-,s,e,p,u,l,v,e,d,a
g,u,i,l,l,a,u,m,e,-,b,o,i,v,i,n
p,a,o,l,o,-,s,i,m,i,o,n
g,o,r,d,i,a,n,-,b,a,n,z,e,r
f,r,a,n,c,e,s,c,o,-,b,e,t,t,i,n,i
m,a,t,t,h,i,a,s,-,g,r,i,c,k
a,i,m,e,-,d,e,-,g,e,n,d,t
m,a,r,c,-,b,u,a,d,e,s
t,i,a,g,o,-,m,a,c,h,a,d,o
m,u,h,a,m,m,e,d,-,a,t,a,l,a,y
s,i,m,o,n,e,-,s,t,e,r,b,i,n,i
e,l,g,u,n,-,a,l,i,z,a,d,a
s,a,j,j,a,d,-,p,a,y,d,a,r,-,s,h,i,r,v,a,n,e,h,d,e,h
a,d,a,m,-,b,l,y,t,h,e
b,e,n,a,t,-,t,x,o,p,e,r,e,n,a
g,i,a,n,n,i,-,m,a,r,c,h,a,n,d
l,o,u,i,s,-,d,e,g,u,i,d,e
m,i,k,e,l,-,i,t,u,r,r,i,a
n,i,e,l,s,-,d,e,-,r,o,o,z,e
p,a,o,l,o,-,b,a,c,c,i,o
j,a,c,k,-,h,a,i,g
l,i,l,i,a,n,-,s,a,n,v,i,c,e,n,t,e
c,l,e,m,e,n,t,-,v,e,n,t,u,r,i,n,i
f,l,o,r,i,a,n,-,g,a,m,p,e,r
g,a,e,t,a,n,-,b,i,l,l,e
l,u,k,a,-,m,e,z,g,e,c
a,m,u,n,d,-,g,r,o,n,d,a,h,l,-,j,a,n,s,e,n
a,l,e,x,i,s,-,g,o,u,g,e,a,r,d
b,o,b,-,j,u,n,g,e,l,s
g,r,e,g,o,r,-,m,a,t,i,j,a,-,c,e,r,n,e
d,a,v,i,d,-,g,a,u,d,u
i,s,l,a,m,-,u,s,m,a,n,o,v
o,l,e,-,f,o,r,f,a,n,g
g,i,a,c,o,m,o,-,n,i,z,z,o,l,o
p,i,e,r,r,e,-,g,o,e,b,e,e,r,t
a,r,t,h,u,r,-,v,i,c,h,o,t
b,r,e,c,h,t,-,r,u,y,t,e,r,s
n,e,v,z,a,t,-,k,i,r,a,l
k,a,r,l,-,a,r,n,o,l,d,-,v,e,n,d,e,l,i,n
l,o,r,r,e,n,z,o,-,m,a,n,z,i,n
t,o,m,-,v,a,n,-,v,u,c,h,e,l,e,n
b,o,r,u,t,-,b,o,z,i,c
s,o,n,d,r,e,-,h,o,l,s,t,-,e,n,g,e,r
l,a,c,h,l,a,n,-,n,o,r,r,i,s
p,e,t,r,-,h,a,m,p,l
p,r,z,e,m,y,s,l,a,w,-,k,a,s,p,e,r,k,i,e,w,i,c,z
n,e,i,l,s,o,n,-,p,o,w,l,e,s,s
t,h,o,m,a,s,-,s,p,r,e,n,g,e,r,s
j,u,a,n,-,c,a,m,a,c,h,o
m,a,r,c,-,s,o,l,e,r
l,u,c,a,s,-,e,a,m,o,n
o,l,i,v,i,e,r,-,l,e,-,g,a,c
v,i,n,c,e,n,t,-,d,e,-,s,y
r,o,b,e,r,t,-,k,e,s,s,l,e,r
a,r,n,o,-,k,l,e,i,n,j,a,n
g,u,i,l,l,a,u,m,e,-,b,o,n,n,a,f,o,n,d
w,o,u,t,e,r,-,w,i,p,p,e,r,t
g,o,n,z,a,l,o,-,s,e,r,r,a,n,o
a,n,g,e,l,o,-,t,u,l,i,k
g,i,a,n,n,i,-,m,o,s,c,o,n
n,i,k,i,t,a,-,s,o,k,o,l,o,v
m,a,t,h,i,a,s,-,d,e,-,w,i,t,t,e
p,i,e,t,e,r,-,w,e,e,n,i,n,g
b,a,t,u,h,a,n,-,o,z,g,u,r
y,a,n,n,i,s,-,v,o,i,s,a,r,d
j,u,l,i,e,n,-,t,r,a,r,i,e,u,x
j,u,r,g,e,n,-,r,o,e,l,a,n,d,t,s
m,o,k,h,t,a,r,i,-,f,a,r,h,a,d
t,h,o,m,a,s,-,m,o,s,e,s
m,i,c,h,a,e,l,-,s,c,h,a,r
m,i,c,h,a,e,l,-,a,l,b,a,s,i,n,i
j,u,l,i,a,n,-,g,r,u,b,e,r
d,a,v,i,d,-,d,e,-,l,a,-,c,r,u,z
m,i,c,h,a,e,l,-,h,a,b,t,o,m
d,a,-,s,i,l,v,a
t,i,m,o,n,-,l,o,d,e,r,e,r
a,l,e,j,a,n,d,r,o,-,v,a,l,v,e,r,d,e
a,n,d,r,e,i,-,c,o,s,m,i,n,-,b,i,d,i,l,i,c,i
m,a,r,i,s,-,b,o,g,d,a,n,o,v,i,c,s
l,e,n,n,a,r,d,-,k,a,m,n,a
s,i,m,o,n,-,c,l,a,r,k,e
o,g,n,j,e,n,-,i,l,i,c
b,a,p,t,i,s,t,e,-,p,l,a,n,c,k,a,e,r,t
j,o,a,n,n,-,l,e,i,n,a,u
s,z,y,m,o,n,-,t,r,a,c,z
l,o,i,c,-,v,l,i,e,g,e,n
c,o,r,e,n,t,i,n,-,w,a,r,a,s
s,o,n,e,r,-,a,k,b,a,s
m,a,r,v,i,n,-,h,a,m,m,e,r,s,c,h,m,i,d
d,a,r,y,l,-,i,m,p,e,y
p,h,i,l,i,p,p,-,m,a,m,o,s
m,a,x,i,m,i,l,i,a,n,-,h,a,m,m,e,r,l,e
z,i,c,o,-,w,a,e,y,t,e,n,s
c,h,a,r,l,i,e,-,a,r,i,m,o,n,t
d,a,m,i,a,n,o,-,c,i,m,a
k,a,r,e,l,-,t,y,r,p,e,k,l
k,e,n,n,e,t,h,-,v,a,n,-,r,o,o,y
f,l,o,r,y,a,n,-,a,r,n,o,u,l,t
n,i,k,-,c,e,m,a,z,a,r
a,a,r,o,n,-,g,r,o,s,s,e,r
j,a,i,m,e,-,r,o,s,o,n
a,n,d,r,e,-,l,o,o,i,j
v,i,c,t,o,r,-,n,i,n,o
t,i,m,-,w,e,l,l,e,n,s
m,a,x,i,m,-,b,e,l,k,o,v
d,m,i,t,r,i,y,-,v,a,i,n,t
l,u,k,a,-,s,a,g,a,d,i,n
a,l,e,k,s,e,y,-,l,u,t,s,e,n,k,o
m,i,k,a,e,l,-,c,h,e,r,e,l
m,a,d,s,-,r,a,h,b,e,k
i,l,l,a,r,t,-,z,u,a,z,u,b,i,s,k,a,r
a,b,d,u,l,k,a,d,i,r,-,k,e,l,l,e,c,i
d,a,n,i,l,o,-,c,e,l,a,n,o
a,n,t,o,n,i,o,-,z,u,l,l,o
c,h,r,i,s,t,i,a,n,-,b,i,a,n,c,h,e,t,t,i
f,i,l,i,p,p,o,-,z,a,c,c,a,n,t,i
m,a,r,c,o,-,m,u,r,g,a,n,o
a,l,e,x,a,n,d,r,-,g,l,a,d,i,l,i,n
h,u,g,o,-,s,a,n,c,h,o
f,r,a,n,c,o,-,p,e,l,l,i,z,o,t,t,i
l,i,l,i,a,n,-,c,a,l,m,e,j,a,n,e
m,a,r,k,-,m,c,n,a,l,l,y
g,r,i,g,o,r,i,y,-,s,h,t,e,i,n
g,u,y,-,s,a,g,i,v
i,u,r,i,-,f,i,l,o,s,i
j,o,r,d,i,-,s,i,m,o,n
k,e,v,y,n,-,i,s,t,a
t,h,o,m,a,s,-,b,o,u,d,a,t
a,n,d,r,a,s,-,k,r,i,v,a,n
a,n,t,o,n,i,o,-,m,o,l,i,n,a
c,a,r,o,l,-,e,d,u,a,r,d,-,n,o,v,a,k
a,t,t,i,l,i,o,-,v,i,v,i,a,n,i
c,a,r,l,o,s,-,b,a,r,b,e,r,o
j,u,l,i,o,-,a,l,b,e,r,t,o,-,a,m,o,r,e,s
k,e,m,a,l,-,k,u,c,u,k,b,a,y
r,a,f,a,e,l,-,v,a,l,l,s
r,i,c,k,-,v,a,n,-,b,r,e,d,a
g,e,o,r,g,i,o,s,-,b,o,u,g,l,a,s
m,a,t,t,h,i,a,s,-,b,r,a,n,d,l,e
k,i,e,l,-,r,e,i,j,n,e,n
l,o,g,a,n,-,o,w,e,n
d,a,r,a,g,h,-,o,-,m,a,h,o,n,y
l,o,u,i,s,-,b,e,n,d,i,x,e,n
g,r,e,g,-,v,a,n,-,a,v,e,r,m,a,e,t
r,o,b,i,n,-,s,t,e,n,u,i,t
m,a,r,e,k,-,d,o,l,n,i,c,e,k
f,a,b,i,o,-,j,a,k,o,b,s,e,n
j,o,n,a,s,-,b,r,e,z,i,n,a
g,u,s,t,a,v,-,h,o,o,g
m,i,k,e,l,-,l,a,n,d,a
a,n,t,h,o,n,y,-,r,a,p,p,o
c,h,r,i,s,t,o,p,h,-,s,c,h,w,e,i,z,e,r
e,d,w,a,r,d,-,r,a,v,a,s,i
p,e,t,e,r,-,k,u,s,z,t,o,r
k,r,y,s,t,o,f,-,s,o,l,a,r
b,r,u,n,o,-,a,r,m,i,r,a,i,l
s,t,e,f,a,n,-,t,a,f,e,r,n,e,r
t,o,m,-,b,o,h,l,i
p,a,t,r,i,c,k,-,m,u,l,l,e,r
a,l,e,x,i,s,-,v,u,i,l,l,e,r,m,o,z
b,o,y,-,v,a,n,-,p,o,p,p,e,l
a,k,s,e,l,-,a,a,s,h,e,i,m
j,a,n,-,b,r,o,c,k,h,o,f,f
a,l,e,x,i,s,-,b,o,d,i,o,t
v,l,a,s,z,i,m,i,r,-,h,a,r,a,k,h,a,v,i,k
m,a,t,e,-,k,o,v,a,c,s
n,i,c,k,-,d,o,u,g,a,l,l
v,i,k,t,o,r,-,f,i,l,u,t,a,s
s,u,l,k,h,a,n,-,a,k,h,m,a,e,v,i
a,n,d,r,i,y,-,g,l,a,d,k,y,y
n,i,g,e,l,-,e,l,l,s,a,y
r,i,c,h,i,e,-,p,o,r,t,e
w,i,m,-,k,l,e,i,m,a,n
b,e,r,t,-,v,a,n,-,l,e,r,b,e,r,g,h,e
m,a,s,s,i,m,o,-,o,r,l,a,n,d,i
n,u,n,o,-,a,l,m,e,i,d,a
b,r,a,n,i,s,l,a,u,-,s,a,m,o,i,l,a,u
g,e,r,d,-,f,i,d,l,e,r
g,r,e,g,o,r,y,-,d,a,n,i,e,l
m,a,r,l,o,n,-,g,a,i,l,l,a,r,d
v,i,c,e,n,t,e,-,g,a,r,c,i,a,-,d,e,-,m,a,t,e,u,s,-,r,u,b,i,o
j,e,r,e,m,y,-,c,a,b,o,t
j,u,l,e,n,-,a,m,e,z,q,u,e,t,a
a,n,d,e,r,s,-,s,k,a,a,r,s,e,t,h
j,u,s,t,i,n,-,m,o,t,t,i,e,r
s,t,e,f,a,n,-,b,r,a,n,d,l,m,e,i,e,r
j,u,l,i,e,n,-,m,o,r,i,c,e
v,i,c,t,o,r,-,b,y,k,a,n,o,v
m,a,k,s,y,m,-,v,a,s,i,l,y,e,v
k,a,m,i,l,-,m,a,l,e,c,k,i
n,i,c,c,o,l,o,-,s,a,l,v,i,e,t,t,i
g,i,u,l,i,o,-,c,i,c,c,o,n,e
p,a,t,r,i,c,k,-,g,a,m,p,e,r
f,r,a,n,-,v,e,n,t,o,s,o
t,o,m,-,l,e,e,z,e,r
j,o,s,h,u,a,-,h,u,p,p,e,r,t,z
e,d,u,a,r,d,-,m,i,c,h,a,e,l,-,g,r,o,s,u
m,a,t,t,e,o,-,t,r,e,n,t,i,n
l,e,n,n,a,r,d,-,h,o,f,s,t,e,d,e
s,a,s,u,-,h,a,l,m,e
r,e,m,y,-,m,e,r,t,z
k,i,l,i,a,n,-,f,r,a,n,k,i,n,y
l,o,u,i,s,-,l,e,i,n,a,u
d,a,v,i,d,-,l,i,v,r,a,m,e,n,t,o
s,t,e,v,e,-,m,o,r,a,b,i,t,o
a,d,a,m,-,s,e,k,a,n,i,n,a
a,d,a,m,-,c,i,h,l,a,r
a,l,e,x,a,n,d,e,r,-,f,o,l,i,f,o,r,o,v
k,o,s,t,y,a,n,t,y,n,-,r,y,b,a,r,u,k
e,i,r,i,k,-,h,a,l,v,o,r,s,e,n
m,i,c,h,a,e,l,-,v,a,n,-,s,t,a,e,y,e,n
e,r,i,k,-,k,u,l,i,s,c,h
m,a,x,-,k,a,n,t,e,r
m,a,d,s,-,o,s,t,e,r,g,a,a,r,d,-,k,r,i,s,t,e,n,s,e,n
d,a,m,i,e,n,-,g,a,u,d,i,n
s,z,y,m,o,n,-,r,e,k,i,t,a
k,r,i,s,-,a,r,n,t,h,-,s,o,r,e,n,s,e,n
r,a,f,a,e,l,-,s,i,l,v,a
v,l,a,d,-,n,i,c,o,l,a,e,-,d,o,b,r,e
g,r,e,g,o,r,-,m,u,h,l,b,e,r,g,e,r
m,a,t,t,i,a,-,c,a,t,t,a,n,e,o
g,u,i,l,l,a,u,m,e,-,d,u,v,e,r,g,e,r
n,e,l,s,o,n,-,s,o,t,o
g,u,i,l,l,a,u,m,e,-,s,o,u,f,f,l,e,t
l,u,c,a,s,-,l,i,s,s
p,a,o,l,o,-,t,o,t,o
m,i,r,k,o,-,t,r,o,s,i,n,o
a,n,t,h,o,n,y,-,m,a,l,d,o,n,a,d,o
t,o,m,a,s,-,b,a,r,t,a
d,a,v,i,d,e,-,b,a,i,s
p,i,e,t,e,r,-,v,a,n,s,p,e,y,b,r,o,u,c,k
m,a,x,i,m,e,-,d,a,n,i,e,l
r,o,r,y,-,t,o,w,n,s,e,n,d
r,a,f,a,e,l,-,l,o,u,r,e,n,c,o
j,e,r,e,m,y,-,l,e,c,r,o,q
a,l,e,x,a,n,d,e,r,-,k,r,i,e,g,e,r
j,o,a,n,-,b,o,u
d,a,v,i,d,-,j,a,b,u,k,a
d,i,n,a,-,m,a,r,t,o,n
f,e,l,i,x,-,g,a,l,l
e,n,r,i,c,o,-,s,a,l,v,a,d,o,r
d,a,v,i,d,e,-,r,e,b,e,l,l,i,n
j,o,s,e,-,g,o,n,c,a,l,v,e,s
j,o,n,a,t,h,a,n,-,d,i,b,b,e,n
j,a,k,u,b,-,o,t,r,u,b,a
s,e,r,g,i,o,-,t,o,r,r,e,s,-,j,o,r,r,o
s,t,a,n,i,s,l,a,u,-,b,a,z,h,k,o,u
l,u,k,a,s,-,m,e,i,l,e,r
a,r,t,e,m,-,o,v,e,c,h,k,i,n
t,o,m,s,-,s,k,u,j,i,n,s
c,a,r,l,o,s,-,v,e,r,o,n,a
g,a,s,p,e,r,-,k,a,t,r,a,s,n,i,k
n,u,n,o,-,b,i,c,o
j,o,h,a,n,-,l,e,-,b,o,n
d,a,m,i,a,n,o,-,c,u,n,e,g,o
s,h,o,-,h,a,t,s,u,y,a,m,a
b,r,a,m,-,t,a,n,k,i,n,k
l,u,c,a,-,h,e,n,n
j,u,l,i,u,s,-,t,a,s,k,i,n,e,n
c,h,r,i,s,t,o,p,h,e,r,-,h,a,t,z
j,o,e,y,-,v,a,n,-,r,h,e,e
p,i,o,t,r,-,k,o,n,w,a
o,f,e,k,-,h,a,s,o,n
i,g,o,r,-,b,o,e,v
y,l,b,e,r,-,s,e,f,a
c,e,n,g,i,z,-,g,u,n,e,r
o,l,i,v,e,r,-,n,a,e,s,e,n
s,e,r,k,a,n,-,b,a,l,k,a,n
j,o,n,a,n,d,e,r,s,-,b,e,k,k,e,n
a,d,r,i,e,n,-,g,a,r,e,l
l,u,k,a,s,-,o,r,t,n,e,r
p,a,t,r,i,c,k,-,h,a,l,l,e,r
a,l,e,x,a,n,d,e,r,-,p,o,r,s,e,v
j,e,n,s,-,k,e,u,k,e,l,e,i,r,e
l,u,k,a,s,z,-,w,i,s,n,i,o,w,s,k,i
g,e,b,r,e,m,e,d,h,i,n,-,a,n,d,e,m,e,s,k,e,l,-,a,w,e,t
o,s,k,a,r,-,n,i,s,u
m,a,t,t,h,i,a,s,-,k,r,i,z,e,k
b,a,r,t,-,b,u,i,j,k
f,r,a,n,c,e,s,c,o,-,g,a,v,a,z,z,i
h,u,g,o,-,n,u,n,e,s
r,o,b,e,r,t,-,j,o,n,-,m,c,c,a,r,t,h,y
r,o,m,a,i,n,-,s,e,i,g,l,e
a,n,d,r,i,i,-,b,r,a,t,a,s,h,c,h,u,k
v,i,k,t,o,r,-,p,o,t,o,c,k,i
r,o,m,a,n,-,k,r,e,u,z,i,g,e,r,-,1
m,a,x,i,m,-,r,u,s,n,a,c
l,u,i,s,-,a,f,o,n,s,o
k,i,r,i,l,l,-,p,o,z,d,n,y,a,k,o,v
t,h,o,m,a,s,-,u,m,h,a,l,l,e,r
b,e,r,t,-,j,a,n,-,l,i,n,d,e,m,a,n
m,a,r,c,o,-,m,a,t,h,i,s
l,u,c,a,-,c,o,l,n,a,g,h,i
t,o,m,a,s,-,c,a,p,e,k
k,o,e,n,-,b,o,u,w,m,a,n
e,d,u,a,r,d,-,p,r,a,d,e,s
c,a,r,l,o,s,-,b,e,t,a,n,c,u,r
s,v,e,n,-,r,e,u,t,t,e,r
t,i,m,o,f,e,i,-,i,v,a,n,o,v
j,a,k,a,-,p,r,i,m,o,z,i,c
k,e,v,i,n,-,d,e,l,t,o,m,b,e
a,n,d,r,e,w,-,t,e,n,n,a,n,t
l,u,k,a,s,-,s,c,h,l,e,m,m,e,r
j,o,r,d,i,-,m,e,e,u,s
v,a,c,l,a,v,-,s,i,r,u,c,e,k
s,e,a,n,-,d,e,-,b,i,e
m,a,r,t,i,n,-,b,o,u,b,a,l
j,o,r,d,y,-,b,u,s,k,e,r,m,o,l,e,n
s,i,m,o,n,-,s,p,i,l,a,k
p,e,t,e,r,-,k,o,n,i,n,g
n,i,c,o,l,a,-,t,o,f,f,a,l,i
o,s,c,a,r,-,c,a,b,e,d,o
l,u,k,a,s,-,s,p,e,n,g,l,e,r
r,i,c,a,r,d,o,-,g,a,r,c,i,a,-,a,m,b,r,o,a
y,o,r,i,c,k,-,s,l,a,g,m,u,l,d,e,r,s
z,i,g,a,-,h,o,r,v,a,t
t,o,r,k,i,l,-,v,e,y,h,e
e,r,i,c,-,m,a,r,c,o,t,t,e
j,o,a,b,-,s,c,h,n,e,i,t,e,r
j,a,v,i,e,r,-,m,o,r,e,n,o
j,e,l,l,e,-,w,a,l,l,a,y,s
f,i,l,i,p,-,k,v,a,s,i,n,a
f,r,e,d,e,r,i,k,-,d,o,m,b,r,o,w,s,k,i
j,a,s,h,a,-,s,u,t,t,e,r,l,i,n
j,u,l,i,e,n,-,m,o,r,t,i,e,r
g,i,j,s,-,m,e,i,j,e,r
h,y,n,e,k,-,p,a,l,i,c,k,a
m,i,g,u,e,l,-,a,n,g,e,l,-,b,e,n,i,t,o
e,r,m,i,s,-,o,g,u,z,h,a,n
s,t,e,p,h,a,n,-,r,a,b,i,t,s,c,h
f,l,o,r,i,a,n,-,g,a,u,g,l
j,o,s,e,f,-,c,e,r,n,y
j,o,n,a,s,-,s,o,n,n,l,e,i,t,n,e,r
z,i,g,a,-,r,u,c,i,g,a,j
e,v,a,n,-,h,u,f,f,m,a,n
j,e,r,e,m,y,-,l,e,v,e,a,u
m,a,x,i,m,i,l,i,e,n,-,p,i,c,o,u,x
r,a,f,a,l,-,m,a,j,k,a
j,e,l,l,e,-,c,a,n,t
a,l,e,x,a,n,d,e,r,-,m,a,e,s
n,a,h,o,m,-,d,e,s,a,l,e
l,u,u,c,-,b,u,g,t,e,r
j,a,n,-,a,n,d,r,e,-,f,r,e,u,l,e,r
m,a,a,r,t,e,n,-,d,e,-,j,o,n,g,e
j,o,n,-,k,n,o,l,l,e
a,d,a,m,-,y,a,t,e,s
y,e,v,g,e,n,i,y,-,g,i,d,i,c,h
l,u,c,a,-,r,a,g,g,i,o
s,a,m,u,e,l,-,l,e,r,o,u,x
j,e,n,s,-,d,e,b,u,s,s,c,h,e,r,e
b,e,n,o,i,t,-,c,o,s,n,e,f,r,o,y
f,i,l,i,p,p,o,-,p,o,z,z,a,t,o
m,a,t,e,u,s,z,-,t,a,c,i,a,k
t,h,o,m,a,s,-,d,e,r,u,e,t,t,e
a,d,a,m,-,k,e,n,w,a,y
t,h,o,m,a,s,-,p,e,t,i,t
m,a,r,c,e,l,-,n,e,u,h,a,u,s,e,r
h,e,i,n,r,i,c,h,-,h,a,u,s,s,l,e,r
p,a,w,e,l,-,f,r,a,n,c,z,a,k
f,e,d,e,r,i,c,o,-,z,u,r,l,o
h,u,g,o,-,h,o,u,l,e
l,u,k,a,s,-,p,o,s,t,l,b,e,r,g,e,r
j,o,r,i,s,-,d,u,c,r,o,c,q
d,a,v,i,d,e,-,o,r,r,i,c,o
n,i,k,o,l,a,s,-,m,a,e,s
m,i,k,l,o,s,-,s,z,a,b,o
m,i,k,a,y,i,l,-,s,a,f,a,r,l,i
t,i,e,s,j,-,b,e,n,o,o,t
a,d,r,i,a,n,-,g,o,n,z,a,l,e,z
m,a,u,r,i,t,s,-,l,a,m,m,e,r,t,i,n,k
e,l,i,o,t,-,l,i,e,t,a,e,r
j,a,m,e,s,-,s,h,a,w
p,a,t,r,i,c,k,-,h,a,m,e,t,n,e,r
a,r,m,i,n,d,o,-,f,o,n,s,e,c,a
y,u,r,i,y,-,n,a,t,a,r,o,v
v,i,c,t,o,r,-,b,r,u,c,k
j,o,n,a,s,-,r,a,p,p
k,e,v,i,n,-,l,e,-,c,u,n,f,f
c,e,z,a,r,y,-,g,r,o,d,z,i,c,k,i
l,u,c,a,-,w,a,c,k,e,r,m,a,n,n
i,a,k,o,v,o,s,-,m,a,s,t,o,r,i,d,i,s
j,u,l,i,a,n,-,c,a,r,d,o,n,a,2
c,h,r,i,s,t,o,p,h,e,-,l,a,p,o,r,t,e
s,i,m,o,n,-,c,i,b,e,j
m,a,t,t,e,o,-,d,r,a,p,e,r,i
a,b,r,a,m,-,b,e,l,-,s,t,o,c,k,m,a,n
e,d,w,a,r,d,-,w,a,l,s,h
r,i,c,a,r,d,o,-,m,e,s,t,r,e
s,a,m,-,b,r,a,n,d
n,u,r,i,-,a,c,a,r
k,a,n,s,t,a,n,t,s,i,n,-,k,l,i,m,i,a,n,k,o,u
y,o,u,c,e,f,-,r,e,g,u,i,g,u,i
m,a,t,t,e,o,-,b,a,d,i,l,a,t,t,i
l,e,o,-,v,i,n,c,e,n,t
e,l,o,y,-,t,e,r,u,e,l
l,i,o,n,e,l,-,t,a,m,i,n,i,a,u,x
t,o,m,a,s,-,b,u,c,h,a,c,e,k
s,t,e,p,h,a,n,-,s,t,i,g,l,h,u,b,e,r
j,u,l,i,u,s,-,g,a,r,t,n,e,r
f,i,l,i,p,p,o,-,f,o,r,t,i,n
r,e,m,y,-,d,i,-,g,r,e,g,o,r,i,o
a,l,e,x,a,n,d,e,r,-,c,a,t,a,f,o,r,d
g,o,t,z,o,n,-,m,a,r,t,i,n
m,a,r,c,-,c,l,a,u,s,s
d,a,v,i,d,-,b,o,u,c,h,e,r
k,i,r,i,a,k,o,s,-,p,a,p,a,s,t,a,m,a,t,a,k,i,s
l,u,c,a,s,-,d,e,-,r,o,s,s,i
s,a,n,c,h,e,z,-,c,a,n,e,l,l,a,s
s,t,e,p,a,n,-,k,u,r,i,a,n,o,v
g,i,a,c,o,m,o,-,g,a,r,a,v,a,g,l,i,a
m,i,c,h,i,e,l,-,d,i,e,l,e,m,a,n
j,i,m,m,y,-,t,u,r,g,i,s
m,i,c,h,e,l,-,k,r,e,d,e,r
d,a,n,i,y,a,r,-,m,e,r,e,k,e,y,e,v
l,a,r,s,-,a,k,k,e,r,m,a,n,s
j,a,n,-,r,a,j,c,h,a,r,t
h,e,l,m,u,t,-,t,r,e,t,t,w,e,r
m,i,c,h,e,l,-,p,i,c,c,o,t
j,a,y,-,r,o,b,e,r,t,-,t,h,o,m,s,o,n
e,m,i,e,l,-,p,l,a,n,c,k,a,e,r,t
g,r,a,h,a,m,-,b,r,i,g,g,s
e,m,i,l,-,d,i,m,a
b,o,t,o,n,d,-,h,o,l,l,o
f,e,l,i,x,-,r,i,t,z,i,n,g,e,r
t,s,g,a,b,u,-,g,e,b,r,e,m,a,r,y,a,m,-,g,r,m,a,y
j,i,m,m,y,-,d,u,q,u,e,n,n,o,y
g,r,e,g,o,r,-,g,a,z,v,o,d,a
s,e,p,-,v,a,n,m,a,r,c,k,e
p,i,e,r,r,e,-,r,o,l,l,a,n,d
j,u,r,e,-,g,o,l,c,e,r
a,l,i,s,t,a,i,r,-,s,l,a,t,e,r
p,a,u,l,-,m,a,r,t,e,n,s
i,s,a,a,c,-,c,a,n,t,o,n
n,e,l,s,o,n,-,o,l,i,v,e,i,r,a
t,y,m,u,r,-,m,a,l,i,e,i,e,v
m,a,r,c,o,-,c,o,l,e,d,a,n
a,l,e,x,a,n,d,e,r,-,e,d,m,o,n,d,s,o,n
a,l,e,x,a,n,d,r,e,-,g,e,n,i,e,z
d,a,n,i,i,l,-,f,o,m,i,n,y,k,h
g,r,e,g,o,r,y,-,h,a,b,e,a,u,x
j,e,l,l,e,-,d,o,n,d,e,r,s
a,b,d,e,r,r,a,h,m,a,n,e,-,m,e,h,d,i,-,h,a,m,z,a
a,s,p,a,n,-,z,h,u,k,e,n,o,v
r,o,s,t,y,s,l,a,v,-,z,h,u,k,o,v,s,k,y,y
t,o,b,i,a,s,-,b,a,y,e,r
b,e,n,j,a,m,i,n,-,t,h,o,m,a,s,-,2
m,a,r,k,u,s,-,f,r,e,i,b,e,r,g,e,r
s,e,b,a,s,t,i,a,n,-,s,c,h,o,n,b,e,r,g,e,r
o,w,a,i,n,-,d,o,u,l,l
n,i,k,i,-,t,e,r,p,s,t,r,a
f,r,a,n,c,i,s,c,o,-,m,a,n,c,e,b,o
c,h,a,r,l,e,s,-,a,n,t,o,i,n,e,-,d,o,u,r,l,e,n,s
s,t,e,v,e,n,-,l,a,m,m,e,r,t,i,n,k
c,y,r,i,l,-,g,a,u,t,i,e,r
j,o,s,h,u,a,-,h,u,n,t
c,h,r,i,s,t,o,p,h,e,-,n,o,p,p,e
m,o,h,a,m,a,d,-,i,z,z,a,t,-,h,i,l,m,i,-,a,b,d,u,l,-,h,a,l,i,l
r,a,d,o,s,l,a,v,-,r,o,g,i,n,a
l,e,o,-,a,p,p,e,l,t
l,e,o,n,a,r,d,-,b,a,r,b,u
n,i,v,-,g,u,y
j,o,s,h,-,t,e,a,s,d,a,l,e
t,a,m,a,z,-,t,s,e,r,e,t,e,l,i
c,h,r,i,s,t,o,p,h,e,r,-,p,i,r,y
a,l,j,a,z,-,j,a,r,c
s,t,e,f,a,n,-,d,e,n,i,f,l
c,h,r,i,s,t,o,p,h,-,k,a,s,p,e,r,a
t,o,m,-,b,a,y,l,i,s
w,e,s,l,e,y,-,k,r,e,d,e,r
j,u,l,i,e,n,-,v,a,n,-,h,a,v,e,r,b,e,k,e
r,e,m,i,-,c,a,v,a,g,n,a
g,o,t,z,o,n,-,u,d,o,n,d,o
j,o,n,-,a,b,e,r,a,s,t,u,r,i
l,o,r,e,n,z,o,-,r,o,t,a
r,o,d,o,l,f,o,-,a,n,d,r,e,s,-,t,o,r,r,e,s
j,o,s,i,p,-,r,u,m,a,c
s,e,r,g,e,y,-,l,a,g,u,t,i,n
n,i,c,o,-,d,e,n,z
m,i,c,h,a,e,l,-,d,e,l,l,e,-,f,o,g,l,i,e
e,n,r,i,q,u,e,-,s,a,n,z
r,u,b,e,n,-,s,c,h,e,i,r,e
i,v,a,n,-,g,a,r,c,i,a,-,c,o,r,t,i,n,a
m,a,t,h,e,w,-,h,a,y,m,a,n
s,y,l,v,a,i,n,-,m,o,n,i,q,u,e,t
m,i,c,h,a,e,l,-,h,e,p,b,u,r,n
u,m,b,e,r,t,o,-,p,o,l,i
t,a,n,g,u,y,-,t,u,r,g,i,s
m,u,h,a,m,a,d,-,z,a,w,a,w,i,-,a,z,m,a,n
l,u,k,a,s,z,-,o,w,s,i,a,n
m,a,r,u,i,n,-,t,a,s,s,e,t
g,i,o,v,a,n,n,i,-,a,l,e,o,t,t,i
g,o,n,c,a,l,o,-,c,a,r,v,a,l,h,o
t,o,m,-,t,h,i,l,l
h,a,n,s,-,j,o,r,g,-,l,e,o,p,o,l,d
k,r,i,s,t,j,a,n,-,j,o,h,a,n,s,o,n
p,a,v,l,o,-,b,o,n,d,a,r,e,n,k,o
y,a,n,n,-,p,e,s,t,i,a,u,x
l,u,k,a,s,-,r,e,c,k,e,n,d,o,r,f,e,r
n,i,c,k,-,v,a,n,-,d,e,r,-,l,i,j,k,e
b,o,j,a,n,-,g,u,n,j,e,v,i,c
m,i,c,h,a,e,l,-,g,o,g,l
r,o,b,e,r,t,-,m,a,l,i,k
n,i,k,o,l,a,y,-,t,r,u,s,o,v
t,o,m,a,s,z,-,m,a,r,c,z,y,n,s,k,i
a,i,m,a,n,-,c,a,h,y,a,d,i
o,l,i,v,i,e,r,o,-,t,r,o,i,a
a,n,t,o,i,n,e,-,d,u,c,h,e,s,n,e
r,e,t,o,-,h,o,l,l,e,n,s,t,e,i,n
m,a,r,c,o,-,f,r,a,p,p,o,r,t,i
x,u,b,a,n,-,e,r,r,a,z,k,i,n,-,p,e,r,e,z
p,h,i,l,i,p,p,-,w,u,r,m
j,a,n,-,o,s,t,e,r,v,u,h
f,l,o,r,i,a,n,-,s,e,n,e,c,h,a,l
b,e,n,o,i,t,-,v,a,u,g,r,e,n,a,r,d
m,a,r,c,o,-,b,e,r,n,a,r,d,i,n,e,t,t,i
e,d,g,a,r,-,p,i,n,t,o
m,a,t,t,h,e,w,-,o,v,e,r,s,t,e
l,i,o,r,-,a,v,i,t,a,n
m,i,r,c,o,-,m,a,e,s,t,r,i
k,e,n,n,e,t,h,-,v,a,n,-,b,i,l,s,e,n
f,a,b,i,e,n,-,g,r,e,l,l,i,e,r
d,m,i,t,r,i,y,-,g,r,u,z,d,e,v
d,a,n,i,e,l,-,s,a,v,i,n,i
g,a,l,y,m,-,a,k,h,m,e,t,o,v
c,e,s,a,r,e,-,b,e,n,e,d,e,t,t,i
a,n,t,o,n,-,k,h,a,r,c,h,e,n,k,o
k,e,v,i,n,-,v,a,n,-,m,e,l,s,e,n
j,e,s,u,s,-,h,e,r,r,a,d,a,-,l,o,p,e,z
e,n,r,i,c,-,m,a,s
m,a,n,u,e,l,-,p,o,r,z,n,e,r
m,a,x,i,m,i,l,i,a,n,-,s,c,h,a,c,h,m,a,n,n
n,i,l,s,-,e,e,k,h,o,f,f
p,i,e,t,-,a,l,l,e,g,a,e,r,t
a,h,m,e,t,-,o,r,e,n,c,i,k
q,u,e,n,t,i,n,-,j,a,u,r,e,g,u,i
b,r,e,n,t,-,b,o,o,k,w,a,l,t,e,r
d,i,e,g,o,-,r,o,s,a
j,o,n,a,t,h,a,n,-,d,i,n,k,l,e,r
p,i,e,r,r,e,-,i,d,j,o,u,a,d,i,e,n,e
t,i,m,o,-,r,o,o,s,e,n
e,l,e,f,t,h,e,r,i,o,s,-,z,o,i,s
s,e,n,n,e,-,l,e,y,s,e,n
j,e,a,n,-,l,o,u,-,w,a,t,r,e,l,o,t
c,h,r,i,s,t,o,p,h,e,r,-,j,u,u,l,-,j,e,n,s,e,n
i,g,o,r,-,m,e,r,i,n,o
s,c,o,t,t,-,q,u,i,n,c,e,y
e,m,a,n,u,e,l,-,b,u,c,h,m,a,n,n
r,i,c,c,a,r,d,o,-,v,e,r,z,a,-,2
m,i,c,h,i,e,l,-,b,e,l,-,s,t,o,c,k,m,a,n
k,e,v,i,n,-,l,e,d,a,n,o,i,s
v,a,l,e,n,t,i,n,-,f,r,a,-,r,i,c,h,a,r,d
j,o,n,i,-,b,r,a,n,d,a,o
l,u,c,a,-,r,a,s,t,e,l,l,i,2
m,a,t,t,e,o,-,p,e,l,u,c,c,h,i
m,i,c,h,e,l,e,-,g,a,z,z,a,r,r,a
d,a,n,i,e,l,e,-,b,e,n,n,a,t,i
a,n,t,o,i,n,e,-,l,e,l,e,u
m,a,t,t,i,-,m,a,n,n,i,n,e,n
h,o,s,s,e,i,n,-,n,a,j,m,i,-,b,o,n,a,b
r,o,b,e,r,t,-,p,o,w,e,r
l,e,o,n,-,r,o,h,d,e
g,i,o,r,g,i,-,s,u,v,a,d,o,g,l,u
t,o,m,-,p,a,q,u,o,t
b,a,r,t,-,d,i,e,l,i,s,s,e,n
l,a,n,d,e,r,-,s,e,y,n,a,e,v,e
s,a,m,i,r,-,j,a,b,r,a,y,i,l,o,v
a,n,g,e,l,o,-,r,a,f,f,a,e,l,e
r,o,m,a,i,n,-,b,a,r,d,e,t
w,o,u,t,-,p,o,e,l,s
s,e,k,e,r,-,c,e,b,r,a,i,l
j,u,l,i,e,n,-,s,t,a,s,s,e,n
p,h,i,l,i,p,-,w,e,b,e,r
g,u,i,l,l,a,u,m,e,-,m,i,l,l,a,s,s,e,a,u
f,r,e,d,e,r,i,k,-,h,a,h,n,e,l
c,l,e,m,e,n,t,-,p,e,n,v,e,n
t,h,o,m,a,s,-,j,o,l,y
j,a,n,n,i,k,-,s,t,e,i,m,l,e
a,n,d,r,e,w,-,f,e,n,n
j,a,c,k,-,p,u,l,l,a,r
r,y,a,n,-,g,i,b,b,o,n,s
j,e,l,l,e,-,m,a,n,n,a,e,r,t,s
r,o,b,-,b,r,i,t,t,o,n
a,d,r,i,e,n,-,p,e,t,i,t
k,a,r,a,m,-,s,h,i,r,i,y,e,v
g,e,o,r,g,-,p,r,e,i,d,l,e,r
n,a,t,h,a,n,-,e,a,r,l,e
e,d,o,a,r,d,o,-,a,f,f,i,n,i
s,i,m,o,n,e,-,p,o,n,z,i
r,o,m,a,i,n,-,c,o,m,b,a,u,d
m,a,t,i,j,a,-,m,e,s,t,r,i,c
l,u,d,e,k,-,l,i,c,h,n,o,v,s,k
d,a,n,i,e,l,-,m,c,l,a,y
b,e,n,j,a,m,i,n,-,d,e,c,l,e,r,c,q
a,r,n,a,u,d,-,d,e,m,a,r,e
t,h,o,m,a,s,-,s,c,u,l,l,y
m,a,r,i,o,-,v,o,g,t
d,i,e,g,o,-,r,u,b,i,o
c,o,l,i,n,-,j,o,y,c,e
j,e,a,n,-,p,i,e,r,r,e,-,d,r,u,c,k,e,r
a,l,e,k,s,e,y,-,r,y,b,a,l,k,i,n
t,o,s,h,-,v,a,n,-,d,e,r,-,s,a,n,d,e
s,v,e,i,n,-,t,u,f,t
j,a,n,-,p,e,t,e,l,i,n
r,i,s,t,o,-,r,a,i,d
b,e,n,c,e,-,l,o,k,i
m,a,r,c,u,s,-,b,u,r,g,h,a,r,d,t
m,o,r,e,n,o,-,m,o,s,e,r
s,t,e,f,f,-,c,r,a,s
e,n,z,o,-,w,o,u,t,e,r,s
d,a,v,i,d,-,l,o,z,a,n,o
c,r,i,s,t,i,a,n,-,r,o,d,r,i,g,u,e,z
z,i,g,a,-,g,r,o,s,e,l,j
t,o,m,-,d,e,v,r,i,e,n,d,t
f,l,o,r,i,a,n,-,v,a,c,h,o,n
p,a,t,r,i,c,k,-,k,o,n,r,a,d
a,n,d,r,e,a,-,c,a,c,c,i,o,t,t,i
h,e,r,m,a,n,n,-,p,e,r,n,s,t,e,i,n,e,r
s,t,i,j,n,-,d,e,-,b,o,c,k
f,e,l,i,x,-,i,n,t,r,a
r,o,m,a,n,-,m,a,i,k,i,n
k,r,i,s,z,t,i,a,n,-,l,o,v,a,s,s,y
a,w,e,t,-,h,a,b,t,o,m
v,i,c,t,o,r,-,l,a,f,a,y
g,u,s,t,a,v,o,-,c,e,s,a,r,-,v,e,l,o,s,o
f,l,a,v,i,e,n,-,m,a,u,r,e,l,e,t
m,u,h,a,m,m,a,d,-,n,u,r,-,a,i,m,i,n,-,m,o,h,d,-,z,a,r,i,f,f
j,a,i,-,h,i,n,d,l,e,y
j,u,l,i,a,n,-,b,r,a,u,n
a,n,d,r,e,a,-,t,o,n,i,a,t,t,i
i,l,y,a,-,g,o,r,b,u,s,h,i,n
m,a,r,t,e,n,-,j,o,e,a,a,r
j,a,h,i,r,-,p,e,r,e,z
h,i,d,e,t,o,-,n,a,k,a,n,e
m,a,r,c,o,-,f,r,i,e,d,r,i,c,h
d,a,r,i,o,-,p,u,c,c,i,o,n,i
t,i,m,o,t,h,y,-,s,t,e,v,e,n,s
m,i,k,e,l,-,a,l,o,n,s,o,-,f,l,o,r,e,s
v,a,l,e,n,t,i,n,-,m,a,d,o,u,a,s
j,a,v,i,e,r,-,m,o,n,t,o,y,a
m,a,r,t,i,n,-,k,o,z,e,l,j
y,o,a,n,n,-,p,a,i,l,l,o,t
n,i,c,k,-,s,c,h,u,l,t,z
h,u,g,o,-,h,o,f,s,t,e,t,t,e,r
l,a,u,r,e,n,t,-,e,v,r,a,r,d
c,e,s,a,r,-,f,o,n,t,e
a,n,d,r,e,y,-,p,r,o,s,t,o,k,i,s,h,i,n
a,n,t,o,n,-,k,u,z,m,i,n
s,u,l,t,a,n,-,k,h,a,l,e,l
a,l,e,k,s,a,n,d,r,-,v,l,a,s,o,v
k,e,n,n,y,-,e,l,i,s,s,o,n,d,e
k,r,i,s,t,e,r,-,h,a,g,e,n
a,l,b,e,r,t,o,-,m,a,r,e,n,g,o
j,e,l,l,e,-,d,e,-,v,i,l,l,e
m,a,t,i,c,-,v,e,b,e,r
j,o,n,a,s,-,v,a,n,-,g,e,n,e,c,h,t,e,n
z,e,k,i,-,k,a,y,g,i,s,i,z
l,u,c,a,s,-,h,a,m,i,l,t,o,n
l,u,k,a,-,l,a,k,o,t,a
d,a,n,i,e,l,-,t,e,k,l,e,h,a,i,m,a,n,o,t
m,i,h,n,e,a,-,c,r,i,s,t,i,a,n
r,u,i,-,v,i,n,h,a,s
a,l,e,k,s,e,j,s,-,s,a,r,a,m,o,t,i,n,s
a,n,t,h,o,n,y,-,t,u,r,g,i,s
p,a,t,r,y,k,-,s,t,o,s,z
j,o,a,o,-,r,o,d,r,i,g,u,e,s
a,v,i,v,-,y,e,c,h,e,z,k,e,l
r,a,f,a,e,l,-,r,e,i,s
s,t,e,f,a,n,-,t,h,a,n,n,e,r
m,e,r,l,i,j,n,-,d,e,c,o,s,t,e,r
j,o,n,a,s,-,h,a,r,t,i,g
a,n,t,h,o,n,y,-,d,e,b,u,y
o,g,u,z,h,a,n,-,t,i,r,y,a,k,i
y,o,a,n,n,-,o,f,f,r,e,d,o
d,a,v,i,d,e,-,g,a,b,b,u,r,o
k,r,i,s,t,o,f,f,e,r,-,m,a,d,s,e,n
n,i,c,c,o,l,o,-,b,o,n,i,f,a,z,i,o
m,a,t,t,i,a,-,b,a,i,s
a,k,m,a,l,-,z,a,k,a,r,i,a
l,u,k,a,s,-,m,a,l,g,a,y
d,e,v,r,i,m,-,a,r,d,i,c
t,h,e,o,-,n,i,c,o,l,a,s
v,l,a,d,y,s,l,a,v,-,m,a,k,o,g,o,n
l,u,c,a,-,p,a,c,i,o,n,i
j,o,e,l,-,s,u,t,e,r
m,a,r,c,-,s,a,r,r,e,a,u
p,e,i,o,-,g,o,i,k,o,e,t,x,e,a
d,r,i,e,s,-,v,a,n,-,g,e,s,t,e,l
a,l,e,x,a,n,d,e,r,-,g,r,i,g,o,r,y,e,v
r,o,y,-,j,a,n,s
p,a,t,r,i,c,k,-,v,i,d,e,i,r,a
s,a,n,d,e,r,-,k,e,m,p,i
m,i,t,c,h,e,l,l,-,d,o,c,k,e,r
c,h,i,h,-,h,a,o,-,t,u
i,a,n,-,s,t,a,n,n,a,r,d
h,e,r,m,a,n,-,d,a,h,l
j,a,c,o,b,-,s,c,o,t,t
l,e,o,n,-,k,o,c,h
r,o,b,e,r,t,-,m,u,l,l,e,r
k,a,s,p,e,r,-,a,s,g,r,e,e,n
s,e,r,g,e,y,-,m,o,s,i,n
w,i,l,l,i,-,t,h,i,e,l,e,b,e,u,l,e
v,a,l,e,n,t,i,n,-,f,e,r,r,o,n
j,u,l,i,e,n,-,b,e,r,n,a,r,d
m,a,u,r,i,c,i,o,-,m,o,r,e,i,r,a
j,u,l,e,s,-,r,o,u,e,i,l
s,y,v,e,r,-,w,a,e,r,s,t,e,d
c,h,r,i,s,t,i,a,n,-,k,n,e,e,s
a,n,t,o,n,i,o,-,b,a,r,b,i,o
t,o,b,i,a,s,-,m,a,g,d,e,b,u,r,g
a,l,e,j,a,n,d,r,o,-,m,a,r,q,u,e
e,r,i,k,-,v,e,v,a,t,n,e,-,o,v,e,r,l,a,n,d
p,a,s,c,a,l,-,t,r,e,u,b,e,l
s,h,a,n,e,-,a,r,c,h,b,o,l,d
g,e,r,m,a,n,-,n,i,c,o,l,a,s,-,t,i,v,a,n,i,-,p,e,r,e,z
j,o,n,a,s,-,a,b,r,a,h,a,m,s,e,n
j,o,n,a,s,-,b,o,k,e,l,o,h
y,u,r,i,y,-,c,h,s,h,e,r,b,i,n,i,n
a,n,d,r,e,a,s,-,h,o,f,e,r
a,n,d,r,e,a,s,-,s,c,h,i,l,l,i,n,g,e,r
l,o,i,s,-,d,u,f,a,u,x
a,n,d,i,-,b,a,j,c
a,d,i,l,-,k,a,r,a,c,a,g,i,l
i,d,e,-,s,c,h,e,l,l,i,n,g
s,i,m,e,o,n,-,g,r,e,e,n
s,a,m,u,e,l,-,d,u,m,o,u,l,i,n
m,i,k,a,-,v,e,r,m,e,u,l,e,n
m,a,r,c,o,-,t,i,z,z,a
n,i,c,o,l,o,-,g,o,z,z,i
m,a,r,t,i,n,-,f,o,r,d
l,a,s,s,e,-,n,o,r,m,a,n,-,h,a,n,s,e,n
a,r,n,a,u,d,-,c,o,u,r,t,e,i,l,l,e
k,a,n,s,t,a,n,t,s,i,n,-,s,i,u,t,s,o,u
m,i,g,u,e,l,-,a,n,g,e,l,-,b,a,l,l,e,s,t,e,r,o,s
t,o,m,-,v,e,r,m,e,e,r
s,a,m,-,d,o,b,b,s
y,o,h,a,n,n,-,g,e,n,e
j,o,n,-,a,n,d,e,r,-,i,n,s,a,u,s,t,i
a,n,t,o,n,-,l,a,v,r,e,n,t,y,e,v
o,l,z,h,a,s,-,b,a,y,e,m,b,a,y,e,v
e,d,v,a,l,d,-,b,o,a,s,s,o,n,-,h,a,g,e,n
t,o,r,n,i,k,e,-,a,g,l,a,d,z,e
p,h,i,l,i,p,p,e,-,g,i,l,b,e,r,t
e,n,r,i,c,o,-,z,a,n,o,n,c,e,l,l,o
t,r,u,l,s,-,k,o,r,s,a,e,t,h
c,h,a,r,a,l,a,m,p,o,s,-,k,a,s,t,r,a,n,t,a,s
g,i,u,s,e,p,p,e,-,f,o,n,z,i
b,e,r,t,-,d,e,-,b,a,c,k,e,r
n,i,k,o,l,a,y,-,m,i,h,a,y,l,o,v
h,e,c,t,o,r,-,s,a,e,z
j,o,n,-,b,o,z,i,c
d,a,n,i,e,l,-,a,u,e,r
f,i,l,i,p,p,o,-,r,o,c,c,h,e,t,t,i
v,l,a,d,i,m,i,r,-,t,s,o,y
p,i,m,-,l,i,g,t,h,a,r,t
e,m,i,e,l,-,v,e,r,m,e,u,l,e,n
r,e,m,y,-,r,o,c,h,a,s
s,c,o,t,t,-,t,h,w,a,i,t,e,s
o,l,i,v,i,e,r,-,p,a,r,d,i,n,i
g,u,i,l,l,a,u,m,e,-,l,e,v,a,r,l,e,t
